account_id,name,industry,segment,employees,annual_revenue,region,metro,current_arr,whitespace_potential,open_pipeline,propensity_score
A-10000,Northwind Systems,Financial Services,Mid-Market,593,277410000.0,NA-West,Seattle,2300.0,8600.0,5000.0,0.646
A-10001,Tyrell Industries,Retail,Enterprise,9463,19165655000.0,NA-East,Austin,16800.0,27500.0,8600.0,0.59
A-10002,Prestige Partners,Education,Enterprise,44501,7551883000.0,NA-West,Seattle,11700.0,27600.0,9700.0,0.418
A-10003,Dunder Analytics,Financial Services,Enterprise,31238,3837204000.0,NA-East,Atlanta,30500.0,27900.0,17300.0,0.698
A-10004,Oscorp Cloud,Media,Enterprise,12206,10235010000.0,NA-West,Phoenix,36000.0,14100.0,4500.0,0.166
A-10005,Soylent Group,Logistics,Mid-Market,1088,390102000.0,NA-West,Los Angeles,10600.0,9400.0,3600.0,0.488
A-10006,Acme Analytics,Financial Services,Enterprise,34722,10970921000.0,NA-West,Denver,14300.0,16500.0,12600.0,0.5
A-10007,Gekko Networks,Manufacturing,Mid-Market,475,393130000.0,NA-West,Denver,7400.0,9000.0,6100.0,0.63
A-10008,Soylent Systems,Manufacturing,SMB,176,47401000.0,NA-East,New York,600.0,4200.0,2500.0,0.807
A-10009,Prestige Cloud,Manufacturing,Mid-Market,1483,229547000.0,NA-West,Phoenix,8700.0,7900.0,3200.0,0.63
A-10010,Globex Cloud,Software,Mid-Market,612,457439000.0,EMEA,Madrid,10600.0,5300.0,2400.0,0.319
A-10011,Initech Analytics,Telecom,Enterprise,19006,8516494000.0,NA-West,Denver,35200.0,23000.0,6900.0,0.335
A-10012,Aperture Holdings,Financial Services,Enterprise,23270,17296308000.0,NA-East,New York,24300.0,12400.0,6700.0,0.321
A-10013,Hooli Solutions,Retail,Enterprise,22304,19167694000.0,APAC,Sydney,39800.0,19600.0,18700.0,0.549
A-10014,Northwind Networks,Energy,Mid-Market,1105,433724000.0,NA-East,Boston,3600.0,6100.0,3800.0,0.683
A-10015,Hooli Holdings,Media,SMB,55,20394000.0,NA-West,Los Angeles,2800.0,3000.0,1500.0,0.829
A-10016,Umbra Industries,Financial Services,Mid-Market,1782,216287000.0,NA-West,San Francisco,3600.0,5000.0,2200.0,0.055
A-10017,Hooli Labs,Financial Services,SMB,151,8617000.0,NA-East,Austin,1300.0,1200.0,2000.0,0.485
A-10018,Umbra Analytics,Retail,Mid-Market,490,248826000.0,NA-West,Seattle,9100.0,4900.0,3100.0,0.424
A-10019,Northwind Industries,Manufacturing,Mid-Market,1427,350120000.0,NA-West,Los Angeles,5500.0,5500.0,3200.0,0.478
A-10020,Tyrell Systems,Healthcare,Mid-Market,1525,199483000.0,EMEA,Amsterdam,11300.0,11100.0,3500.0,0.787
A-10021,Aperture Industries,Retail,SMB,165,43695000.0,EMEA,Paris,1100.0,3400.0,1100.0,0.654
A-10022,Prestige Industries,Software,SMB,31,48550000.0,NA-West,Seattle,1000.0,2500.0,2900.0,0.834
A-10023,Oscorp Holdings,Retail,SMB,18,22367000.0,NA-West,San Francisco,2200.0,3000.0,700.0,0.371
A-10024,Cogswell Partners,Logistics,SMB,68,21011000.0,NA-East,Boston,1800.0,1500.0,1600.0,0.328
A-10025,Vandelay Technologies,Education,Mid-Market,1291,195012000.0,NA-West,Denver,6400.0,9600.0,3400.0,0.558
A-10026,Soylent Analytics,Retail,SMB,52,10757000.0,NA-East,Boston,400.0,1200.0,2100.0,0.497
A-10027,Umbra Analytics,Software,Mid-Market,1806,437198000.0,NA-East,New York,10900.0,6500.0,3400.0,0.431
A-10028,Wayne Solutions,Education,SMB,164,44709000.0,NA-West,Phoenix,1900.0,2700.0,1800.0,0.731
A-10029,Gekko Solutions,Manufacturing,SMB,62,4797000.0,NA-East,Boston,1400.0,3100.0,2300.0,0.772
A-10030,Wayne Digital,Energy,Mid-Market,948,143075000.0,NA-West,Phoenix,6200.0,4800.0,2700.0,0.244
A-10031,Tyrell Digital,Logistics,SMB,161,44993000.0,NA-East,New York,2100.0,3800.0,2800.0,0.8
A-10032,Massive Digital,Software,Mid-Market,1832,316352000.0,NA-East,Chicago,8600.0,7100.0,2400.0,0.458
A-10033,Hooli Technologies,Retail,Enterprise,42075,9670983000.0,NA-East,Chicago,31200.0,16500.0,14700.0,0.389
A-10034,Acme Networks,Healthcare,Enterprise,13450,9734441000.0,APAC,Singapore,9000.0,29100.0,8400.0,0.499
A-10035,Acme Partners,Education,SMB,138,47950000.0,NA-East,Atlanta,1800.0,4100.0,1000.0,0.807
A-10036,Northwind Industries,Logistics,SMB,91,19158000.0,NA-West,Los Angeles,2200.0,900.0,1300.0,0.095
A-10037,Cogswell Digital,Retail,Mid-Market,1308,463828000.0,EMEA,Madrid,9700.0,6300.0,2500.0,0.174
A-10038,Wayne Group,Energy,Mid-Market,581,409025000.0,EMEA,Amsterdam,5400.0,6200.0,1900.0,0.378
A-10039,Soylent Cloud,Energy,SMB,132,25050000.0,NA-East,Atlanta,3200.0,2300.0,1800.0,0.724
A-10040,Wayne Industries,Energy,Enterprise,15003,5402372000.0,NA-West,Los Angeles,9200.0,18100.0,13400.0,0.399
A-10041,Initech Holdings,Retail,Enterprise,12919,3999110000.0,NA-West,Phoenix,5500.0,24300.0,12300.0,0.431
A-10042,Oscorp Partners,Energy,Mid-Market,1061,203318000.0,NA-West,San Francisco,11700.0,9100.0,7000.0,0.776
A-10043,Soylent Labs,Logistics,Mid-Market,1575,322843000.0,EMEA,London,9900.0,8100.0,3400.0,0.55
A-10044,Vandelay Analytics,Manufacturing,Mid-Market,676,86534000.0,NA-East,Chicago,4400.0,9900.0,2400.0,0.512
A-10045,Aperture Labs,Manufacturing,Mid-Market,1863,404523000.0,NA-West,Denver,8300.0,9200.0,5300.0,0.598
A-10046,Stark Networks,Education,SMB,185,22519000.0,APAC,Bangalore,2000.0,1300.0,700.0,0.457
A-10047,Dunder Networks,Education,Mid-Market,1911,499808000.0,NA-East,Atlanta,8700.0,6500.0,2500.0,0.54
A-10048,Wonka Technologies,Media,Mid-Market,777,97070000.0,NA-West,Los Angeles,3600.0,7100.0,2200.0,0.434
A-10049,Cyberdyne Digital,Software,Mid-Market,1383,294167000.0,NA-East,Chicago,6100.0,7800.0,7200.0,0.722
A-10050,Sterling Solutions,Financial Services,Enterprise,3385,12785434000.0,NA-West,Denver,33000.0,34400.0,14000.0,0.747
A-10051,Sterling Partners,Logistics,SMB,144,21359000.0,NA-West,San Francisco,2100.0,3100.0,1500.0,0.552
A-10052,Tyrell Industries,Logistics,Mid-Market,680,51154000.0,NA-East,Boston,9300.0,8800.0,2900.0,0.427
A-10053,Sterling Holdings,Education,SMB,82,42945000.0,NA-East,Chicago,1800.0,2800.0,1700.0,0.329
A-10054,Gekko Networks,Media,Mid-Market,1765,443386000.0,NA-East,Chicago,6400.0,5900.0,1600.0,0.241
A-10055,Sterling Technologies,Financial Services,Mid-Market,1733,433554000.0,NA-East,Boston,10600.0,11300.0,4000.0,0.684
A-10056,Initech Analytics,Financial Services,Mid-Market,998,362301000.0,NA-West,Denver,11000.0,5600.0,2100.0,0.051
A-10057,Contoso Labs,Education,Enterprise,43800,12584352000.0,EMEA,Berlin,13400.0,25800.0,8800.0,0.578
A-10058,Prestige Group,Financial Services,SMB,93,17933000.0,NA-West,Denver,2500.0,2100.0,1000.0,0.482
A-10059,Sterling Partners,Software,Mid-Market,1960,346203000.0,NA-East,Atlanta,4700.0,8200.0,4000.0,0.755
A-10060,Dunder Group,Financial Services,Mid-Market,1826,340853000.0,NA-East,New York,5100.0,11300.0,6900.0,0.854
A-10061,Hooli Group,Retail,Mid-Market,1845,474885000.0,NA-East,Boston,11700.0,9400.0,3900.0,0.438
A-10062,Cyberdyne Digital,Media,Mid-Market,362,227559000.0,EMEA,London,4600.0,7200.0,3900.0,0.327
A-10063,Tyrell Labs,Healthcare,Enterprise,4176,1225637000.0,NA-West,Seattle,39900.0,36400.0,13000.0,0.852
A-10064,Cogswell Cloud,Healthcare,Enterprise,44499,13270977000.0,NA-West,Phoenix,34200.0,21700.0,7600.0,0.186
A-10065,Dunder Industries,Logistics,Mid-Market,1823,340172000.0,APAC,Tokyo,2600.0,6600.0,1500.0,0.139
A-10066,Umbra Networks,Manufacturing,Mid-Market,323,394321000.0,APAC,Bangalore,4100.0,3800.0,2200.0,0.16
A-10067,Prestige Partners,Healthcare,Mid-Market,397,439902000.0,EMEA,Berlin,3300.0,10900.0,6700.0,0.62
A-10068,Nakatomi Solutions,Media,Mid-Market,1123,99074000.0,EMEA,Amsterdam,7000.0,9300.0,6400.0,0.777
A-10069,Initech Solutions,Energy,SMB,23,4959000.0,NA-West,Phoenix,2600.0,3800.0,1700.0,0.818
A-10070,Pied Piper Analytics,Logistics,Enterprise,36600,4692950000.0,NA-West,Phoenix,20800.0,14400.0,15200.0,0.555
A-10071,Dunder Solutions,Financial Services,Mid-Market,364,88414000.0,NA-West,Denver,6300.0,6500.0,6100.0,0.554
A-10072,Dunder Technologies,Software,SMB,193,30420000.0,NA-West,Los Angeles,1600.0,1300.0,1200.0,0.497
A-10073,Massive Networks,Logistics,Mid-Market,247,468088000.0,NA-West,Denver,10300.0,6900.0,3800.0,0.199
A-10074,Globex Cloud,Logistics,Mid-Market,587,238925000.0,NA-West,Seattle,5400.0,6800.0,4300.0,0.223
A-10075,Aperture Analytics,Telecom,Mid-Market,1074,248920000.0,NA-East,Austin,4700.0,6400.0,3000.0,0.769
A-10076,Massive Systems,Software,SMB,48,47321000.0,NA-West,Denver,3100.0,1300.0,700.0,0.195
A-10077,Dunder Industries,Financial Services,SMB,85,37360000.0,NA-West,San Francisco,1900.0,1900.0,900.0,0.129
A-10078,Wayne Group,Education,Mid-Market,1028,360325000.0,NA-West,Seattle,5600.0,5200.0,1900.0,0.416
A-10079,Contoso Labs,Logistics,Mid-Market,1339,288772000.0,NA-West,Denver,3900.0,7300.0,3700.0,0.611
A-10080,Contoso Analytics,Energy,SMB,98,28623000.0,NA-West,Los Angeles,2400.0,2900.0,1700.0,0.533
A-10081,Hooli Networks,Software,SMB,76,4635000.0,EMEA,Amsterdam,2000.0,2100.0,1600.0,0.505
A-10082,Prestige Cloud,Software,Enterprise,23587,16291410000.0,NA-West,Seattle,27800.0,14000.0,6700.0,0.079
A-10083,Wonka Industries,Retail,Mid-Market,897,398509000.0,NA-East,Boston,8800.0,8100.0,4800.0,0.582
A-10084,Massive Group,Media,Enterprise,5912,13440436000.0,NA-East,Atlanta,37100.0,17500.0,8600.0,0.123
A-10085,Umbra Analytics,Logistics,Mid-Market,368,351705000.0,NA-East,Chicago,7100.0,8700.0,3500.0,0.567
A-10086,Initech Digital,Logistics,Enterprise,42085,17731802000.0,NA-West,Los Angeles,6300.0,16100.0,10600.0,0.611
A-10087,Cogswell Solutions,Software,Mid-Market,939,354363000.0,EMEA,Paris,4400.0,9700.0,7000.0,0.75
A-10088,Cyberdyne Digital,Logistics,Mid-Market,953,122926000.0,NA-West,Denver,4000.0,5700.0,3800.0,0.247
A-10089,Stark Labs,Healthcare,Mid-Market,691,457388000.0,EMEA,London,3500.0,9600.0,5700.0,0.552
A-10090,Soylent Systems,Media,Mid-Market,1875,427629000.0,APAC,Singapore,8500.0,8300.0,2900.0,0.751
A-10091,Vandelay Group,Logistics,SMB,188,30835000.0,NA-West,Seattle,1900.0,3800.0,800.0,0.729
A-10092,Massive Digital,Software,SMB,130,29177000.0,NA-West,San Francisco,3000.0,800.0,1200.0,0.075
A-10093,Gekko Digital,Logistics,Mid-Market,1615,278430000.0,NA-West,Seattle,2200.0,8000.0,1700.0,0.258
A-10094,Cogswell Industries,Healthcare,SMB,18,27755000.0,NA-West,Denver,3300.0,1700.0,1100.0,0.119
A-10095,Vandelay Systems,Media,Enterprise,46801,10549980000.0,EMEA,Madrid,39600.0,9600.0,5900.0,0.198
A-10096,Tyrell Technologies,Energy,Mid-Market,1810,223990000.0,NA-West,Los Angeles,11700.0,7700.0,6600.0,0.768
A-10097,Stark Industries,Financial Services,Mid-Market,344,347414000.0,NA-East,Austin,5100.0,9200.0,2400.0,0.399
A-10098,Dunder Group,Software,Mid-Market,457,323408000.0,NA-East,Chicago,9800.0,8200.0,6500.0,0.75
A-10099,Aperture Labs,Education,Enterprise,8609,7655524000.0,NA-West,Seattle,16000.0,25500.0,14000.0,0.837
A-10100,Aperture Holdings,Education,Mid-Market,714,462416000.0,APAC,Sydney,6900.0,7300.0,3700.0,0.702
A-10101,Stark Group,Healthcare,Enterprise,40097,10420737000.0,EMEA,Madrid,9200.0,16900.0,6800.0,0.213
A-10102,Globex Labs,Retail,Mid-Market,916,372620000.0,NA-West,Denver,6800.0,5600.0,2900.0,0.145
A-10103,Prestige Analytics,Education,Mid-Market,527,484819000.0,NA-East,Austin,6300.0,6000.0,2200.0,0.142
A-10104,Gekko Partners,Financial Services,SMB,57,32118000.0,NA-West,San Francisco,2300.0,1800.0,2600.0,0.729
A-10105,Massive Industries,Education,Enterprise,3977,17343733000.0,NA-West,Phoenix,7800.0,11200.0,9200.0,0.179
A-10106,Stark Analytics,Retail,SMB,101,40430000.0,EMEA,Berlin,2800.0,2400.0,1800.0,0.635
A-10107,Wayne Cloud,Media,Mid-Market,1955,108845000.0,NA-West,San Francisco,5700.0,4800.0,4300.0,0.292
A-10108,Oscorp Cloud,Media,Mid-Market,541,121704000.0,NA-West,Denver,12000.0,7800.0,4100.0,0.28
A-10109,Northwind Partners,Energy,Mid-Market,1275,429282000.0,EMEA,Madrid,8700.0,4100.0,2100.0,0.102
A-10110,Oscorp Digital,Manufacturing,Mid-Market,852,179871000.0,NA-West,San Francisco,5900.0,5900.0,3000.0,0.326
A-10111,Vandelay Networks,Logistics,Mid-Market,922,68115000.0,NA-East,Austin,2400.0,9000.0,4600.0,0.414
A-10112,Massive Cloud,Retail,SMB,122,25858000.0,EMEA,Amsterdam,2200.0,2400.0,800.0,0.466
A-10113,Acme Networks,Energy,Mid-Market,677,345016000.0,NA-East,Chicago,11700.0,9000.0,5000.0,0.556
A-10114,Dunder Holdings,Software,Mid-Market,1230,365234000.0,NA-West,San Francisco,3900.0,9000.0,2500.0,0.472
A-10115,Northwind Cloud,Healthcare,Mid-Market,1133,302399000.0,NA-East,Chicago,12000.0,8900.0,4600.0,0.438
A-10116,Sterling Partners,Education,Mid-Market,1071,480802000.0,NA-West,Los Angeles,4800.0,9000.0,4500.0,0.45
A-10117,Cogswell Partners,Retail,Mid-Market,419,354480000.0,APAC,Tokyo,5800.0,7700.0,4500.0,0.559
A-10118,Nakatomi Holdings,Manufacturing,SMB,167,14286000.0,EMEA,Paris,2400.0,1700.0,800.0,0.26
A-10119,Dunder Group,Software,Mid-Market,1936,490060000.0,NA-West,Phoenix,3600.0,6700.0,3900.0,0.505
A-10120,Prestige Cloud,Software,SMB,183,9578000.0,EMEA,Madrid,3600.0,1100.0,1400.0,0.402
A-10121,Wayne Partners,Energy,Enterprise,49476,11094359000.0,APAC,Bangalore,22300.0,21000.0,16700.0,0.759
A-10122,Acme Cloud,Media,SMB,160,28821000.0,EMEA,Madrid,3100.0,2500.0,1700.0,0.46
A-10123,Wayne Holdings,Software,Enterprise,14517,5092664000.0,EMEA,Madrid,31400.0,20300.0,10800.0,0.906
A-10124,Sterling Partners,Financial Services,SMB,131,47091000.0,NA-West,Phoenix,1700.0,1500.0,1000.0,0.196
A-10125,Prestige Analytics,Manufacturing,Mid-Market,1571,356154000.0,APAC,Bangalore,8000.0,6000.0,2800.0,0.225
A-10126,Wayne Digital,Energy,SMB,32,11065000.0,NA-East,Austin,2500.0,2400.0,800.0,0.51
A-10127,Cogswell Systems,Telecom,Enterprise,14213,558802000.0,NA-East,New York,12600.0,20300.0,15700.0,0.498
A-10128,Contoso Group,Telecom,Enterprise,19974,17881005000.0,NA-East,New York,20700.0,16300.0,7000.0,0.243
A-10129,Prestige Technologies,Logistics,SMB,34,48957000.0,NA-West,San Francisco,3400.0,2000.0,1000.0,0.587
A-10130,Hooli Holdings,Financial Services,SMB,16,33350000.0,APAC,Bangalore,2600.0,1700.0,1300.0,0.585
A-10131,Cogswell Systems,Telecom,SMB,93,27448000.0,EMEA,Paris,3100.0,3300.0,900.0,0.762
A-10132,Soylent Partners,Healthcare,SMB,197,26541000.0,NA-West,Seattle,1800.0,2400.0,1500.0,0.297
A-10133,Pied Piper Analytics,Telecom,Mid-Market,1614,193431000.0,NA-East,Austin,6200.0,8700.0,7100.0,0.701
A-10134,Prestige Technologies,Telecom,Enterprise,28749,3114809000.0,NA-West,Phoenix,13500.0,28700.0,18800.0,0.605
A-10135,Vandelay Networks,Logistics,Mid-Market,590,144000000.0,NA-East,Chicago,11100.0,9700.0,6900.0,0.757
A-10136,Massive Cloud,Manufacturing,Mid-Market,913,157699000.0,APAC,Singapore,5200.0,10000.0,4300.0,0.939
A-10137,Vandelay Industries,Media,Mid-Market,945,303136000.0,NA-East,Atlanta,4200.0,6800.0,2400.0,0.218
A-10138,Nakatomi Digital,Media,Enterprise,14351,16521043000.0,NA-West,Phoenix,38800.0,22800.0,20200.0,0.764
A-10139,Pied Piper Systems,Logistics,Mid-Market,260,431014000.0,NA-East,Boston,11500.0,7500.0,7400.0,0.836
A-10140,Northwind Networks,Education,SMB,183,33305000.0,EMEA,Madrid,400.0,1700.0,1500.0,0.611
A-10141,Initech Labs,Logistics,Mid-Market,468,136369000.0,NA-East,New York,7300.0,7700.0,4600.0,0.314
A-10142,Globex Analytics,Software,SMB,27,19584000.0,NA-West,Denver,2300.0,2100.0,800.0,0.21
A-10143,Gekko Systems,Manufacturing,Enterprise,12148,17428279000.0,NA-West,Los Angeles,36100.0,21300.0,11500.0,0.15
A-10144,Acme Holdings,Education,Mid-Market,459,419311000.0,NA-West,San Francisco,10200.0,6300.0,5900.0,0.586
A-10145,Umbra Cloud,Financial Services,SMB,105,48742000.0,NA-West,Phoenix,500.0,1700.0,1600.0,0.4
A-10146,Aperture Solutions,Manufacturing,Mid-Market,840,473514000.0,EMEA,Berlin,6300.0,6700.0,4600.0,0.506
A-10147,Pied Piper Group,Telecom,SMB,70,6221000.0,NA-East,New York,300.0,2000.0,1600.0,0.794
A-10148,Globex Industries,Logistics,Mid-Market,367,319120000.0,NA-West,Seattle,5200.0,6100.0,1800.0,0.251
A-10149,Dunder Technologies,Healthcare,Mid-Market,449,185509000.0,NA-West,Denver,6900.0,6900.0,4700.0,0.643
A-10150,Massive Holdings,Energy,Enterprise,7134,6440831000.0,NA-East,Chicago,38200.0,24200.0,11500.0,0.46
A-10151,Massive Cloud,Manufacturing,Mid-Market,1062,129937000.0,NA-East,Atlanta,6000.0,6500.0,2400.0,0.263
A-10152,Prestige Group,Logistics,Mid-Market,248,377246000.0,NA-East,Chicago,11400.0,7600.0,2100.0,0.237
A-10153,Dunder Group,Telecom,Mid-Market,1620,83284000.0,EMEA,London,11900.0,9800.0,3700.0,0.747
A-10154,Soylent Analytics,Media,Mid-Market,499,325705000.0,NA-East,Austin,7600.0,7700.0,1900.0,0.262
A-10155,Aperture Industries,Telecom,Mid-Market,1033,355800000.0,NA-East,Atlanta,8900.0,5200.0,2400.0,0.066
A-10156,Nakatomi Labs,Energy,Enterprise,36655,9322720000.0,APAC,Bangalore,7400.0,13400.0,9600.0,0.314
A-10157,Contoso Digital,Healthcare,Enterprise,17887,8814203000.0,NA-East,New York,21200.0,33000.0,10200.0,0.639
A-10158,Cyberdyne Systems,Manufacturing,SMB,49,37864000.0,NA-East,Boston,3300.0,2000.0,2200.0,0.913
A-10159,Pied Piper Industries,Education,Enterprise,20654,8154608000.0,NA-West,Phoenix,9000.0,23600.0,10100.0,0.321
A-10160,Initech Holdings,Retail,Mid-Market,410,217988000.0,NA-East,Boston,3400.0,6700.0,3300.0,0.794
A-10161,Prestige Group,Energy,Mid-Market,719,134194000.0,NA-East,Austin,10400.0,7300.0,5100.0,0.356
A-10162,Nakatomi Technologies,Energy,Mid-Market,1079,87202000.0,EMEA,London,2300.0,8700.0,3900.0,0.559
A-10163,Gekko Labs,Education,SMB,31,38981000.0,NA-West,Seattle,3300.0,2100.0,1000.0,0.19
A-10164,Soylent Partners,Software,Mid-Market,1009,206860000.0,EMEA,London,10200.0,10800.0,6000.0,0.802
A-10165,Massive Group,Manufacturing,Mid-Market,1664,412448000.0,APAC,Singapore,7700.0,6300.0,2700.0,0.227
A-10166,Dunder Labs,Healthcare,Mid-Market,1932,403561000.0,NA-East,Boston,11200.0,9500.0,6100.0,0.523
A-10167,Cyberdyne Solutions,Healthcare,SMB,119,14167000.0,EMEA,Paris,1800.0,2000.0,2600.0,0.819
A-10168,Oscorp Systems,Financial Services,Mid-Market,1515,256302000.0,NA-East,New York,8600.0,6300.0,3300.0,0.331
A-10169,Prestige Networks,Healthcare,Mid-Market,1219,268402000.0,NA-West,Phoenix,5400.0,5300.0,2300.0,0.243
A-10170,Tyrell Holdings,Healthcare,SMB,177,15791000.0,NA-West,San Francisco,3500.0,1900.0,1900.0,0.935
A-10171,Pied Piper Labs,Financial Services,SMB,10,24364000.0,NA-West,Seattle,800.0,2500.0,900.0,0.404
A-10172,Soylent Technologies,Financial Services,Mid-Market,1515,96092000.0,NA-East,New York,5100.0,6200.0,2600.0,0.164
A-10173,Wonka Cloud,Manufacturing,SMB,129,8417000.0,NA-West,Los Angeles,1800.0,3200.0,1200.0,0.863
A-10174,Pied Piper Labs,Manufacturing,SMB,115,30400000.0,EMEA,London,2500.0,2500.0,800.0,0.314
A-10175,Soylent Solutions,Telecom,SMB,31,25480000.0,NA-East,Atlanta,2500.0,2600.0,1900.0,0.515
A-10176,Globex Systems,Retail,Mid-Market,588,465161000.0,APAC,Tokyo,11500.0,7200.0,1600.0,0.27
A-10177,Globex Partners,Financial Services,Mid-Market,1120,141439000.0,NA-West,Phoenix,10100.0,9000.0,3200.0,0.714
A-10178,Northwind Partners,Healthcare,Mid-Market,414,368555000.0,NA-West,San Francisco,9000.0,5800.0,4700.0,0.547
A-10179,Cogswell Labs,Software,Enterprise,18080,8871829000.0,APAC,Seoul,23300.0,28700.0,19100.0,0.656
A-10180,Initech Networks,Financial Services,Mid-Market,611,278971000.0,APAC,Sydney,2400.0,7400.0,3500.0,0.836
A-10181,Sterling Cloud,Telecom,SMB,52,13165000.0,NA-West,Denver,3700.0,1200.0,2100.0,0.636
A-10182,Aperture Partners,Retail,Mid-Market,789,298891000.0,EMEA,Amsterdam,2100.0,7800.0,1700.0,0.247
A-10183,Cogswell Digital,Manufacturing,Mid-Market,471,469579000.0,NA-East,Atlanta,2200.0,11700.0,6200.0,0.714
A-10184,Umbra Cloud,Retail,Mid-Market,367,464573000.0,NA-East,New York,11000.0,7900.0,2400.0,0.576
A-10185,Oscorp Networks,Software,Mid-Market,982,483898000.0,NA-East,Atlanta,4400.0,7700.0,3300.0,0.429
A-10186,Oscorp Labs,Healthcare,Mid-Market,390,252305000.0,NA-West,Denver,5100.0,6300.0,3400.0,0.717
A-10187,Umbra Labs,Manufacturing,Enterprise,48483,8226767000.0,NA-West,Los Angeles,6700.0,14000.0,13900.0,0.351
A-10188,Umbra Labs,Software,Mid-Market,311,401432000.0,EMEA,Paris,4200.0,4400.0,2400.0,0.133
A-10189,Wayne Labs,Software,Enterprise,47229,1487435000.0,NA-East,New York,37300.0,25600.0,10200.0,0.85
A-10190,Umbra Systems,Education,Mid-Market,1314,160603000.0,NA-East,Chicago,5000.0,4700.0,2300.0,0.247
A-10191,Prestige Systems,Telecom,Mid-Market,1607,211600000.0,NA-East,New York,7400.0,7100.0,2200.0,0.238
A-10192,Hooli Systems,Energy,Mid-Market,1152,395079000.0,APAC,Seoul,12000.0,6500.0,7000.0,0.84
A-10193,Contoso Group,Manufacturing,SMB,122,40504000.0,NA-West,Los Angeles,2900.0,1400.0,1300.0,0.172
A-10194,Soylent Networks,Manufacturing,SMB,13,24421000.0,NA-West,Seattle,1500.0,2200.0,800.0,0.541
A-10195,Gekko Industries,Financial Services,Mid-Market,872,473865000.0,EMEA,Berlin,6000.0,13000.0,7300.0,0.939
A-10196,Massive Industries,Manufacturing,Enterprise,33945,16381858000.0,NA-West,Los Angeles,18200.0,24200.0,12400.0,0.471
A-10197,Soylent Analytics,Education,SMB,29,25313000.0,NA-West,Los Angeles,1500.0,4300.0,3100.0,0.926
A-10198,Aperture Systems,Retail,Enterprise,12064,14016933000.0,NA-West,Seattle,17300.0,25500.0,18400.0,0.604
A-10199,Nakatomi Networks,Manufacturing,SMB,40,4612000.0,NA-East,New York,3400.0,2200.0,700.0,0.437
A-10200,Globex Industries,Education,Mid-Market,1973,451952000.0,NA-West,San Francisco,9000.0,6100.0,4100.0,0.238
A-10201,Hooli Analytics,Retail,Mid-Market,735,93162000.0,NA-East,Austin,5900.0,7900.0,4400.0,0.396
A-10202,Acme Holdings,Healthcare,Mid-Market,1348,489676000.0,NA-East,New York,6700.0,8300.0,2900.0,0.543
A-10203,Wonka Group,Energy,Enterprise,4141,9074938000.0,EMEA,Madrid,14200.0,18800.0,21400.0,0.786
A-10204,Oscorp Holdings,Logistics,SMB,21,19968000.0,NA-East,Boston,2200.0,3000.0,3000.0,0.882
A-10205,Oscorp Digital,Education,SMB,138,31393000.0,NA-East,Chicago,700.0,3400.0,800.0,0.66
A-10206,Cyberdyne Digital,Media,SMB,172,26465000.0,NA-West,Los Angeles,3700.0,800.0,700.0,0.079
A-10207,Initech Labs,Education,Enterprise,39418,15822040000.0,NA-East,Austin,35400.0,23700.0,16100.0,0.563
A-10208,Massive Analytics,Telecom,SMB,17,44589000.0,EMEA,Berlin,1500.0,1500.0,700.0,0.37
A-10209,Tyrell Cloud,Energy,Mid-Market,1567,440235000.0,NA-East,Atlanta,10200.0,5500.0,2600.0,0.413
A-10210,Vandelay Systems,Manufacturing,Mid-Market,259,72752000.0,NA-West,Seattle,5600.0,7500.0,2500.0,0.446
A-10211,Oscorp Digital,Media,Enterprise,18523,16834249000.0,NA-West,Denver,14100.0,16100.0,17700.0,0.578
A-10212,Dunder Holdings,Retail,SMB,133,26151000.0,NA-West,San Francisco,3500.0,2800.0,1500.0,0.393
A-10213,Cyberdyne Industries,Energy,SMB,57,23868000.0,NA-East,Chicago,2800.0,2500.0,1200.0,0.462
A-10214,Nakatomi Labs,Media,SMB,197,32389000.0,NA-West,San Francisco,3500.0,1100.0,900.0,0.049
A-10215,Cyberdyne Analytics,Media,Mid-Market,1425,374577000.0,NA-East,Atlanta,8600.0,9000.0,5000.0,0.455
A-10216,Sterling Holdings,Logistics,SMB,131,24311000.0,NA-West,Denver,3800.0,2700.0,1000.0,0.397
A-10217,Prestige Group,Media,Mid-Market,1377,150014000.0,NA-West,Los Angeles,4200.0,7300.0,4100.0,0.862
A-10218,Oscorp Networks,Financial Services,SMB,99,10533000.0,NA-East,Atlanta,700.0,1100.0,1500.0,0.445
A-10219,Aperture Group,Media,SMB,173,9837000.0,NA-East,Chicago,600.0,1800.0,1300.0,0.356
A-10220,Globex Group,Education,Mid-Market,980,243234000.0,APAC,Tokyo,6300.0,8000.0,5500.0,0.588
A-10221,Dunder Systems,Manufacturing,Mid-Market,607,444643000.0,NA-West,Phoenix,5100.0,11700.0,3700.0,0.839
A-10222,Wayne Technologies,Healthcare,Enterprise,18451,18076984000.0,NA-East,Atlanta,17600.0,23000.0,11700.0,0.393
A-10223,Northwind Technologies,Retail,Enterprise,39019,12651128000.0,APAC,Bangalore,25800.0,14000.0,14200.0,0.48
A-10224,Vandelay Cloud,Software,Enterprise,16453,13402459000.0,NA-West,San Francisco,28200.0,12200.0,9600.0,0.169
A-10225,Nakatomi Holdings,Education,Mid-Market,559,168347000.0,NA-East,Boston,7200.0,6100.0,4900.0,0.446
A-10226,Initech Networks,Energy,Mid-Market,468,90537000.0,NA-East,Atlanta,7100.0,4200.0,1900.0,0.287
A-10227,Wonka Analytics,Media,SMB,90,6679000.0,NA-West,Seattle,3400.0,4100.0,2700.0,0.885
A-10228,Globex Industries,Media,SMB,44,20638000.0,NA-West,Los Angeles,3900.0,2800.0,2400.0,0.675
A-10229,Contoso Networks,Telecom,Mid-Market,1602,325111000.0,NA-West,Denver,10600.0,10700.0,5800.0,0.73
A-10230,Gekko Cloud,Education,SMB,147,11975000.0,NA-East,Boston,3800.0,1300.0,2600.0,0.82
A-10231,Prestige Networks,Software,SMB,12,46784000.0,NA-East,Austin,2200.0,2300.0,1000.0,0.34
A-10232,Pied Piper Technologies,Telecom,Mid-Market,1670,85474000.0,NA-East,Boston,6400.0,4500.0,2300.0,0.312
A-10233,Prestige Digital,Software,Mid-Market,1686,406302000.0,NA-West,Denver,11600.0,5400.0,3500.0,0.471
A-10234,Massive Networks,Energy,Mid-Market,1489,213483000.0,EMEA,Amsterdam,6500.0,8500.0,5100.0,0.706
A-10235,Umbra Cloud,Telecom,Enterprise,7134,12411609000.0,NA-East,New York,11600.0,11700.0,7100.0,0.394
A-10236,Aperture Solutions,Education,SMB,191,7597000.0,NA-West,Denver,2100.0,3200.0,1000.0,0.795
A-10237,Cyberdyne Analytics,Education,Mid-Market,1291,194830000.0,NA-West,Denver,10800.0,10100.0,3000.0,0.712
A-10238,Stark Cloud,Logistics,Mid-Market,1749,370343000.0,NA-East,Boston,11400.0,9400.0,5600.0,0.626
A-10239,Pied Piper Industries,Financial Services,Mid-Market,1569,303026000.0,NA-West,Phoenix,7800.0,5900.0,4200.0,0.503
A-10240,Dunder Systems,Manufacturing,SMB,60,39491000.0,NA-East,Austin,3900.0,800.0,600.0,0.204
A-10241,Prestige Technologies,Manufacturing,SMB,107,40045000.0,NA-West,San Francisco,2900.0,2700.0,1500.0,0.349
A-10242,Aperture Holdings,Media,SMB,153,27784000.0,NA-West,Denver,2500.0,1500.0,1400.0,0.405
A-10243,Northwind Technologies,Retail,SMB,115,7373000.0,APAC,Tokyo,2500.0,3400.0,1000.0,0.792
A-10244,Stark Solutions,Education,Mid-Market,1190,82796000.0,NA-West,Los Angeles,9100.0,5600.0,3300.0,0.113
A-10245,Vandelay Analytics,Media,Mid-Market,795,182108000.0,APAC,Seoul,11500.0,4200.0,2100.0,0.212
A-10246,Massive Networks,Manufacturing,Mid-Market,1926,357148000.0,NA-East,Austin,5200.0,10000.0,8300.0,0.974
A-10247,Gekko Solutions,Energy,SMB,18,45016000.0,APAC,Bangalore,1000.0,3600.0,1900.0,0.819
A-10248,Initech Holdings,Logistics,Mid-Market,1691,445387000.0,APAC,Singapore,9400.0,7000.0,5700.0,0.698
A-10249,Hooli Technologies,Telecom,Mid-Market,1012,232002000.0,EMEA,London,5200.0,6600.0,2300.0,0.294
A-10250,Gekko Labs,Retail,Mid-Market,1616,185608000.0,NA-West,San Francisco,2900.0,8000.0,2100.0,0.421
A-10251,Pied Piper Group,Retail,SMB,138,45794000.0,NA-East,Chicago,3200.0,2200.0,700.0,0.168
A-10252,Cogswell Cloud,Media,SMB,50,45376000.0,NA-West,San Francisco,3500.0,3200.0,1100.0,0.475
A-10253,Aperture Analytics,Logistics,Enterprise,5510,13597862000.0,NA-West,Phoenix,13800.0,20300.0,11300.0,0.132
A-10254,Nakatomi Solutions,Media,Enterprise,31584,6460672000.0,NA-East,Atlanta,25400.0,14200.0,9000.0,0.585
A-10255,Dunder Cloud,Media,Mid-Market,1780,258282000.0,NA-West,Seattle,5600.0,5200.0,2700.0,0.274
A-10256,Cogswell Analytics,Financial Services,Mid-Market,1509,451447000.0,NA-East,Boston,10500.0,11000.0,3400.0,0.709
A-10257,Wonka Technologies,Manufacturing,Mid-Market,1804,315320000.0,EMEA,Amsterdam,10600.0,6900.0,4700.0,0.42
A-10258,Contoso Digital,Healthcare,Enterprise,23418,3993331000.0,NA-East,New York,38200.0,23300.0,11300.0,0.347
A-10259,Wonka Technologies,Energy,SMB,184,44196000.0,APAC,Bangalore,400.0,3200.0,1800.0,0.779
A-10260,Cyberdyne Industries,Education,Mid-Market,1376,425961000.0,NA-West,Phoenix,7200.0,7400.0,3300.0,0.427
A-10261,Umbra Solutions,Healthcare,Mid-Market,613,281544000.0,APAC,Seoul,4800.0,9700.0,2100.0,0.537
A-10262,Contoso Analytics,Telecom,Enterprise,3077,1341314000.0,NA-West,Phoenix,25100.0,16100.0,6200.0,0.224
A-10263,Cogswell Cloud,Retail,Enterprise,47468,4723572000.0,NA-East,New York,26200.0,24100.0,10600.0,0.275
A-10264,Hooli Group,Media,Mid-Market,1860,318440000.0,NA-East,Boston,2700.0,6100.0,4800.0,0.534
A-10265,Nakatomi Networks,Education,Mid-Market,270,402741000.0,NA-West,San Francisco,7000.0,4900.0,1900.0,0.31
A-10266,Sterling Digital,Telecom,Enterprise,13015,16144854000.0,NA-East,Boston,32600.0,11900.0,8500.0,0.013
A-10267,Prestige Technologies,Retail,Mid-Market,540,369117000.0,NA-East,Austin,9900.0,7300.0,2300.0,0.226
A-10268,Oscorp Partners,Retail,Mid-Market,1738,240603000.0,NA-West,San Francisco,5700.0,4400.0,2800.0,0.248
A-10269,Stark Networks,Media,Mid-Market,1593,229158000.0,NA-East,Boston,3400.0,7500.0,2900.0,0.46
A-10270,Prestige Networks,Software,SMB,40,48264000.0,NA-West,Los Angeles,300.0,2300.0,1400.0,0.695
A-10271,Cyberdyne Networks,Logistics,Enterprise,15750,19288832000.0,NA-West,Phoenix,7000.0,14100.0,12100.0,0.64
A-10272,Massive Digital,Logistics,SMB,142,31144000.0,NA-West,Denver,2800.0,1500.0,600.0,0.374
A-10273,Acme Cloud,Financial Services,Mid-Market,1854,297317000.0,NA-East,Boston,9300.0,5600.0,2100.0,0.245
A-10274,Stark Industries,Financial Services,Mid-Market,1645,480519000.0,NA-East,Atlanta,10800.0,6400.0,2700.0,0.701
A-10275,Globex Technologies,Manufacturing,SMB,138,12267000.0,NA-East,Chicago,1500.0,1200.0,900.0,0.687
A-10276,Prestige Group,Energy,SMB,69,11710000.0,NA-East,New York,2400.0,3300.0,1400.0,0.734
A-10277,Soylent Networks,Media,Enterprise,9487,2580441000.0,NA-East,Boston,37200.0,13900.0,7200.0,0.356
A-10278,Oscorp Partners,Energy,SMB,44,38449000.0,NA-East,Austin,2200.0,2100.0,1100.0,0.07
A-10279,Dunder Group,Energy,Mid-Market,1957,364210000.0,EMEA,Paris,6600.0,5500.0,2400.0,0.168
A-10280,Hooli Solutions,Education,SMB,75,10012000.0,NA-West,Los Angeles,1900.0,1500.0,1000.0,0.511
A-10281,Soylent Digital,Telecom,Mid-Market,1741,138228000.0,EMEA,Berlin,10000.0,4400.0,2300.0,0.259
A-10282,Prestige Networks,Software,SMB,85,34837000.0,NA-East,New York,500.0,2400.0,800.0,0.283
A-10283,Acme Technologies,Financial Services,SMB,76,34300000.0,NA-East,New York,2500.0,3400.0,1100.0,0.553
A-10284,Globex Technologies,Education,Mid-Market,715,334270000.0,NA-East,Austin,3400.0,6600.0,4300.0,0.365
A-10285,Wayne Industries,Retail,Enterprise,36100,12305007000.0,EMEA,Berlin,18800.0,13500.0,10200.0,0.51
A-10286,Soylent Analytics,Retail,SMB,188,35334000.0,EMEA,Berlin,600.0,3500.0,900.0,0.678
A-10287,Globex Analytics,Telecom,Enterprise,16849,5324232000.0,NA-West,San Francisco,14900.0,10000.0,8800.0,0.153
A-10288,Aperture Group,Logistics,Mid-Market,518,318913000.0,NA-West,Los Angeles,8300.0,5400.0,1900.0,0.121
A-10289,Umbra Partners,Software,Mid-Market,200,416921000.0,NA-East,Austin,10500.0,7800.0,4500.0,0.739
A-10290,Massive Holdings,Software,Mid-Market,1186,134857000.0,NA-East,New York,10800.0,8500.0,4900.0,0.451
A-10291,Hooli Partners,Logistics,Mid-Market,1655,235807000.0,NA-West,Denver,10500.0,6100.0,3300.0,0.189
A-10292,Prestige Systems,Healthcare,Enterprise,48671,6001233000.0,NA-West,Denver,9400.0,12300.0,6600.0,0.497
A-10293,Aperture Cloud,Software,Mid-Market,794,429596000.0,NA-West,San Francisco,11500.0,7900.0,5100.0,0.35
A-10294,Vandelay Solutions,Financial Services,Enterprise,27014,19651259000.0,EMEA,London,21500.0,17700.0,19600.0,0.592
A-10295,Stark Holdings,Media,SMB,178,43319000.0,NA-West,Seattle,1100.0,1000.0,900.0,0.171
A-10296,Oscorp Cloud,Energy,Enterprise,35043,3522343000.0,NA-East,Atlanta,32000.0,10700.0,10000.0,0.068
A-10297,Nakatomi Holdings,Media,Mid-Market,1967,404853000.0,NA-East,Austin,9600.0,7600.0,2400.0,0.489
A-10298,Prestige Partners,Logistics,SMB,142,10299000.0,NA-East,Boston,1000.0,700.0,1000.0,0.059
A-10299,Gekko Technologies,Healthcare,Mid-Market,1789,328881000.0,NA-East,Atlanta,5600.0,6200.0,4100.0,0.31
A-10300,Massive Partners,Media,Mid-Market,937,194911000.0,NA-West,San Francisco,3000.0,8400.0,4900.0,0.655
A-10301,Massive Cloud,Education,SMB,58,18951000.0,NA-West,Los Angeles,2500.0,2200.0,1600.0,0.679
A-10302,Cogswell Technologies,Media,Enterprise,40123,1636850000.0,APAC,Singapore,26600.0,21000.0,8900.0,0.365
A-10303,Vandelay Digital,Manufacturing,Mid-Market,1226,476377000.0,NA-East,Atlanta,7600.0,4600.0,2400.0,0.187
A-10304,Cyberdyne Digital,Media,Mid-Market,1383,290255000.0,NA-East,Austin,8000.0,5000.0,2200.0,0.324
A-10305,Vandelay Technologies,Logistics,SMB,185,13450000.0,APAC,Seoul,3900.0,2400.0,1400.0,0.465
A-10306,Acme Cloud,Retail,Mid-Market,1854,280072000.0,NA-West,San Francisco,7700.0,6700.0,6100.0,0.628
A-10307,Globex Networks,Telecom,Mid-Market,1224,147847000.0,NA-West,Denver,2800.0,6100.0,5200.0,0.493
A-10308,Cogswell Networks,Telecom,Mid-Market,341,75165000.0,NA-East,Chicago,9700.0,9100.0,3800.0,0.673
A-10309,Northwind Partners,Logistics,Mid-Market,274,292968000.0,EMEA,Madrid,3500.0,7700.0,4200.0,0.426
A-10310,Umbra Group,Media,Mid-Market,348,307148000.0,NA-West,San Francisco,2500.0,7500.0,5500.0,0.561
A-10311,Oscorp Holdings,Logistics,Mid-Market,1308,381050000.0,NA-West,Phoenix,4500.0,5100.0,2900.0,0.305
A-10312,Wonka Networks,Software,Enterprise,38944,3800478000.0,EMEA,Berlin,17200.0,23600.0,11100.0,0.838
A-10313,Stark Systems,Media,SMB,141,6453000.0,EMEA,Amsterdam,2000.0,4000.0,2600.0,0.794
A-10314,Sterling Cloud,Software,Enterprise,20077,18167786000.0,NA-West,Phoenix,23400.0,17600.0,12500.0,0.199
A-10315,Hooli Analytics,Media,Mid-Market,1755,58585000.0,NA-West,Los Angeles,10700.0,6700.0,5000.0,0.919
A-10316,Prestige Cloud,Software,Mid-Market,271,465022000.0,NA-West,Denver,5000.0,5700.0,5600.0,0.448
A-10317,Northwind Analytics,Retail,Mid-Market,1781,450681000.0,NA-East,New York,10100.0,8600.0,3400.0,0.34
A-10318,Dunder Networks,Manufacturing,Enterprise,22032,11671522000.0,NA-East,Atlanta,19900.0,22900.0,10900.0,0.387
A-10319,Stark Cloud,Logistics,Mid-Market,1837,243529000.0,NA-East,Chicago,11100.0,10900.0,6900.0,0.76
A-10320,Wayne Technologies,Telecom,SMB,67,37535000.0,NA-East,Austin,3300.0,3800.0,2300.0,0.785
A-10321,Soylent Holdings,Software,Mid-Market,846,359664000.0,NA-East,Boston,6800.0,6200.0,2200.0,0.246
A-10322,Acme Partners,Telecom,Mid-Market,600,352103000.0,NA-East,Atlanta,4000.0,5200.0,2900.0,0.31
A-10323,Cyberdyne Cloud,Media,Mid-Market,909,472613000.0,NA-West,Denver,7700.0,5400.0,5200.0,0.555
A-10324,Pied Piper Systems,Manufacturing,Mid-Market,724,229118000.0,NA-East,New York,5000.0,8200.0,4400.0,0.573
A-10325,Globex Cloud,Logistics,SMB,31,39158000.0,NA-East,Chicago,3800.0,1700.0,1300.0,0.276
A-10326,Globex Partners,Media,SMB,141,45451000.0,NA-West,Denver,3200.0,3000.0,1900.0,0.421
A-10327,Massive Group,Telecom,SMB,114,3151000.0,NA-West,San Francisco,900.0,3600.0,3000.0,0.867
A-10328,Contoso Labs,Healthcare,Mid-Market,1928,51590000.0,EMEA,Paris,9700.0,8900.0,2800.0,0.382
A-10329,Massive Systems,Manufacturing,Enterprise,44344,5923202000.0,NA-East,Chicago,27000.0,19000.0,6800.0,0.473
A-10330,Stark Industries,Financial Services,SMB,19,21431000.0,NA-West,Los Angeles,1000.0,3000.0,2300.0,0.706
A-10331,Cyberdyne Labs,Telecom,SMB,170,4181000.0,NA-East,Austin,2000.0,3100.0,1300.0,0.622
A-10332,Pied Piper Digital,Financial Services,Enterprise,25215,13928758000.0,EMEA,Berlin,37700.0,12800.0,13300.0,0.398
A-10333,Massive Holdings,Retail,SMB,196,1077000.0,NA-West,Phoenix,400.0,2300.0,2000.0,0.546
A-10334,Acme Analytics,Manufacturing,Mid-Market,1442,164488000.0,NA-West,Los Angeles,2700.0,9200.0,5600.0,0.731
A-10335,Vandelay Industries,Media,Mid-Market,1860,265599000.0,NA-East,New York,6700.0,8100.0,4200.0,0.281
A-10336,Cogswell Systems,Logistics,Enterprise,16368,14636801000.0,NA-West,Los Angeles,16000.0,27200.0,11600.0,0.554
A-10337,Cyberdyne Analytics,Logistics,Mid-Market,1716,306942000.0,NA-West,Seattle,5900.0,7700.0,2700.0,0.759
A-10338,Aperture Partners,Manufacturing,Mid-Market,1145,128756000.0,EMEA,Berlin,5700.0,10000.0,4200.0,0.923
A-10339,Cogswell Digital,Retail,Enterprise,39225,3294253000.0,NA-West,San Francisco,35500.0,15100.0,16700.0,0.477
A-10340,Globex Industries,Energy,SMB,178,6052000.0,APAC,Singapore,3100.0,1300.0,2400.0,0.713
A-10341,Dunder Labs,Retail,SMB,38,14408000.0,NA-West,Seattle,400.0,2700.0,2300.0,0.755
A-10342,Contoso Labs,Retail,Mid-Market,1303,202433000.0,NA-East,Boston,6400.0,10200.0,5000.0,0.661
A-10343,Massive Industries,Retail,Enterprise,17951,4363869000.0,NA-East,New York,31500.0,24900.0,13000.0,0.402
A-10344,Pied Piper Cloud,Energy,SMB,99,47425000.0,NA-West,Denver,800.0,1100.0,900.0,0.343
A-10345,Acme Labs,Energy,SMB,31,24454000.0,NA-West,Seattle,3400.0,2700.0,1100.0,0.343
A-10346,Stark Digital,Energy,Mid-Market,921,236049000.0,NA-West,Phoenix,8200.0,4600.0,2900.0,0.122
A-10347,Wayne Digital,Manufacturing,Mid-Market,511,351322000.0,APAC,Bangalore,9400.0,6900.0,2600.0,0.119
A-10348,Globex Networks,Financial Services,SMB,140,30224000.0,EMEA,London,3300.0,1400.0,2200.0,0.522
A-10349,Umbra Analytics,Healthcare,Mid-Market,1015,181176000.0,NA-East,New York,8200.0,5400.0,1100.0,0.074
A-10350,Wonka Labs,Education,Mid-Market,214,493890000.0,NA-West,Seattle,6000.0,8000.0,3800.0,0.284
A-10351,Stark Systems,Manufacturing,Enterprise,22722,12008196000.0,NA-West,Seattle,26900.0,41300.0,10900.0,0.995
A-10352,Tyrell Group,Retail,SMB,199,33833000.0,NA-East,Chicago,800.0,2000.0,2200.0,0.541
A-10353,Sterling Networks,Telecom,Enterprise,31915,9360690000.0,NA-West,Denver,19800.0,33100.0,21400.0,0.809
A-10354,Tyrell Digital,Education,SMB,79,48933000.0,NA-West,Los Angeles,2400.0,1300.0,1100.0,0.262
A-10355,Gekko Networks,Financial Services,SMB,56,31902000.0,NA-West,Denver,2800.0,1500.0,1300.0,0.385
A-10356,Cogswell Industries,Telecom,SMB,77,48910000.0,NA-East,Austin,1400.0,1500.0,800.0,0.084
A-10357,Northwind Analytics,Retail,Enterprise,40826,12674182000.0,NA-East,Austin,15000.0,22500.0,9000.0,0.619
A-10358,Oscorp Cloud,Healthcare,Enterprise,33639,7710453000.0,NA-East,Atlanta,11100.0,25000.0,13000.0,0.483
A-10359,Umbra Solutions,Telecom,SMB,156,12659000.0,NA-West,Los Angeles,1900.0,1600.0,2600.0,0.764
A-10360,Prestige Holdings,Telecom,Mid-Market,1430,225532000.0,NA-West,Seattle,4600.0,5500.0,3900.0,0.173
A-10361,Cyberdyne Solutions,Manufacturing,Mid-Market,1521,314926000.0,NA-East,Atlanta,3900.0,6400.0,5500.0,0.696
A-10362,Northwind Systems,Education,Mid-Market,365,472327000.0,NA-East,Boston,8600.0,7500.0,2500.0,0.341
A-10363,Initech Cloud,Healthcare,SMB,58,23881000.0,APAC,Sydney,3800.0,2400.0,2200.0,0.534
A-10364,Hooli Systems,Telecom,Mid-Market,899,498181000.0,APAC,Tokyo,4600.0,6700.0,5500.0,0.573
A-10365,Tyrell Holdings,Education,SMB,132,45718000.0,NA-West,San Francisco,2900.0,2100.0,800.0,0.431
A-10366,Northwind Analytics,Telecom,Enterprise,14788,14151076000.0,NA-West,Phoenix,36700.0,32200.0,8700.0,0.945
A-10367,Cyberdyne Cloud,Energy,Mid-Market,418,290887000.0,NA-East,Chicago,11900.0,4700.0,2500.0,0.35
A-10368,Aperture Partners,Manufacturing,Mid-Market,517,67699000.0,NA-West,San Francisco,5800.0,12500.0,3100.0,0.838
A-10369,Vandelay Systems,Education,Enterprise,13447,8080967000.0,NA-East,New York,32700.0,32200.0,10300.0,0.843
A-10370,Gekko Solutions,Logistics,Mid-Market,468,310706000.0,NA-East,Chicago,11200.0,5000.0,3600.0,0.282
A-10371,Northwind Partners,Financial Services,Enterprise,23896,3828443000.0,NA-West,San Francisco,25700.0,18300.0,10800.0,0.844
A-10372,Cogswell Analytics,Telecom,SMB,71,48817000.0,NA-West,Denver,2400.0,2300.0,2600.0,0.856
A-10373,Sterling Industries,Logistics,Enterprise,9920,5251070000.0,EMEA,Paris,25400.0,17400.0,13700.0,0.745
A-10374,Stark Technologies,Energy,Enterprise,35233,4520124000.0,EMEA,Amsterdam,27400.0,33200.0,18700.0,0.928
A-10375,Stark Industries,Telecom,Mid-Market,208,156038000.0,NA-East,Boston,3200.0,11800.0,5700.0,0.757
A-10376,Northwind Holdings,Financial Services,Mid-Market,1633,358360000.0,NA-West,Seattle,11700.0,9700.0,3500.0,0.74
A-10377,Aperture Systems,Financial Services,Mid-Market,1532,466188000.0,NA-West,San Francisco,3800.0,6700.0,4400.0,0.292
A-10378,Wayne Holdings,Financial Services,SMB,71,5805000.0,NA-East,New York,3000.0,1500.0,1300.0,0.205
A-10379,Contoso Technologies,Media,SMB,35,36271000.0,NA-West,Los Angeles,2600.0,1600.0,1600.0,0.546
A-10380,Wayne Holdings,Retail,SMB,124,39688000.0,NA-West,Los Angeles,2700.0,1600.0,900.0,0.194
A-10381,Oscorp Group,Education,Mid-Market,1816,237997000.0,NA-West,Phoenix,2400.0,9600.0,7100.0,0.772
A-10382,Soylent Labs,Logistics,SMB,153,34965000.0,NA-East,Austin,1800.0,2100.0,800.0,0.131
A-10383,Cogswell Networks,Software,Mid-Market,1957,258692000.0,NA-West,Los Angeles,3400.0,9200.0,6000.0,0.598
A-10384,Gekko Systems,Retail,SMB,90,14220000.0,NA-West,Seattle,3800.0,2700.0,2500.0,0.984
A-10385,Wonka Group,Logistics,Mid-Market,1468,302341000.0,EMEA,London,9700.0,9500.0,3000.0,0.877
A-10386,Dunder Technologies,Retail,Enterprise,4614,7769869000.0,NA-West,Phoenix,20800.0,13100.0,5900.0,0.141
A-10387,Sterling Labs,Manufacturing,Mid-Market,1805,256043000.0,EMEA,Madrid,2800.0,8800.0,5800.0,0.608
A-10388,Pied Piper Systems,Retail,SMB,89,34438000.0,NA-West,San Francisco,3700.0,2200.0,900.0,0.156
A-10389,Oscorp Analytics,Logistics,Mid-Market,1715,250365000.0,NA-East,New York,5000.0,7700.0,3100.0,0.424
A-10390,Prestige Partners,Healthcare,Enterprise,48713,16866968000.0,EMEA,Paris,29300.0,24200.0,8400.0,0.557
A-10391,Sterling Systems,Media,SMB,195,8249000.0,NA-West,Los Angeles,2000.0,1400.0,700.0,0.207
A-10392,Gekko Industries,Retail,SMB,100,15202000.0,NA-East,New York,3800.0,1000.0,1800.0,0.524
A-10393,Initech Partners,Software,SMB,86,42203000.0,NA-East,Boston,2000.0,1400.0,2300.0,0.88
A-10394,Globex Digital,Telecom,Enterprise,11333,6696277000.0,NA-West,Los Angeles,26200.0,26700.0,19900.0,0.915
A-10395,Stark Solutions,Logistics,SMB,26,36665000.0,APAC,Tokyo,1900.0,1000.0,1100.0,0.482
A-10396,Stark Solutions,Logistics,SMB,197,4240000.0,EMEA,Berlin,3900.0,2100.0,700.0,0.323
A-10397,Vandelay Group,Telecom,SMB,64,25039000.0,NA-West,Denver,3300.0,2900.0,2600.0,0.773
A-10398,Pied Piper Analytics,Retail,Mid-Market,950,271349000.0,NA-East,Chicago,8900.0,10500.0,4600.0,0.676
A-10399,Hooli Analytics,Energy,Mid-Market,1953,418226000.0,NA-West,Seattle,5700.0,7000.0,3500.0,0.438
A-10400,Wonka Systems,Retail,SMB,65,32308000.0,NA-West,Seattle,600.0,1900.0,1500.0,0.653
A-10401,Hooli Analytics,Media,Enterprise,6600,11810910000.0,NA-East,New York,33800.0,30700.0,18100.0,0.659
A-10402,Prestige Networks,Logistics,Enterprise,42611,14394669000.0,NA-East,Atlanta,29600.0,33700.0,20400.0,0.812
A-10403,Aperture Networks,Logistics,SMB,155,17760000.0,NA-East,New York,2900.0,3200.0,1000.0,0.761
A-10404,Tyrell Cloud,Financial Services,Enterprise,5731,15606500000.0,EMEA,Paris,31500.0,11700.0,12000.0,0.174
A-10405,Vandelay Group,Media,Enterprise,3404,3338361000.0,NA-West,Phoenix,31100.0,28700.0,17200.0,0.819
A-10406,Oscorp Systems,Logistics,Mid-Market,590,136196000.0,NA-East,Atlanta,4800.0,5800.0,1600.0,0.179
A-10407,Wonka Technologies,Telecom,SMB,50,12150000.0,NA-East,New York,700.0,3100.0,900.0,0.723
A-10408,Nakatomi Labs,Telecom,SMB,63,30419000.0,NA-West,San Francisco,1500.0,2900.0,800.0,0.593
A-10409,Dunder Industries,Healthcare,SMB,12,34034000.0,NA-East,Austin,2800.0,3100.0,1900.0,0.488
A-10410,Contoso Labs,Media,Mid-Market,1955,202384000.0,NA-East,New York,7900.0,6400.0,3700.0,0.164
A-10411,Pied Piper Technologies,Media,SMB,100,30555000.0,NA-West,Denver,1800.0,1700.0,1900.0,0.508
A-10412,Northwind Labs,Energy,Mid-Market,1420,487433000.0,NA-West,Denver,5800.0,4400.0,1700.0,0.229
A-10413,Stark Analytics,Energy,SMB,103,13822000.0,NA-West,Phoenix,1600.0,2100.0,1300.0,0.476
A-10414,Sterling Group,Energy,SMB,91,16311000.0,NA-East,New York,1700.0,3000.0,2200.0,0.678
A-10415,Cyberdyne Partners,Energy,SMB,122,19512000.0,NA-East,Chicago,2800.0,3200.0,1500.0,0.554
A-10416,Pied Piper Partners,Education,SMB,26,34712000.0,NA-West,San Francisco,3500.0,2100.0,800.0,0.279
A-10417,Cyberdyne Industries,Education,Enterprise,6690,10022993000.0,NA-West,Phoenix,29200.0,24700.0,8300.0,0.29
A-10418,Vandelay Partners,Retail,Mid-Market,285,498302000.0,NA-East,Atlanta,6000.0,4200.0,3900.0,0.223
A-10419,Tyrell Holdings,Media,Mid-Market,1632,343192000.0,NA-East,New York,5000.0,8300.0,4500.0,0.58
A-10420,Acme Analytics,Logistics,SMB,173,29265000.0,NA-East,Austin,1100.0,2700.0,1500.0,0.544
A-10421,Cogswell Analytics,Software,SMB,109,18849000.0,NA-East,Chicago,800.0,2400.0,1500.0,0.196
A-10422,Contoso Partners,Education,Enterprise,13334,5150427000.0,NA-East,Atlanta,10200.0,19200.0,11100.0,0.675
A-10423,Umbra Systems,Retail,Enterprise,39904,5916554000.0,EMEA,Berlin,24300.0,12800.0,8000.0,0.516
A-10424,Umbra Holdings,Financial Services,Mid-Market,1227,275112000.0,NA-West,Denver,3200.0,5800.0,4200.0,0.287
A-10425,Oscorp Cloud,Telecom,SMB,163,37454000.0,NA-East,Austin,3800.0,3000.0,1100.0,0.511
A-10426,Tyrell Solutions,Manufacturing,Mid-Market,1933,445745000.0,NA-West,Los Angeles,11400.0,8600.0,2800.0,0.355
A-10427,Sterling Analytics,Manufacturing,Mid-Market,655,223111000.0,NA-East,Atlanta,8400.0,5500.0,3300.0,0.078
A-10428,Hooli Partners,Financial Services,SMB,187,38077000.0,APAC,Sydney,1400.0,3400.0,2200.0,0.553
A-10429,Nakatomi Solutions,Telecom,SMB,186,17303000.0,NA-West,Denver,1900.0,1000.0,1800.0,0.407
A-10430,Aperture Cloud,Software,SMB,154,32427000.0,NA-West,Los Angeles,1000.0,3400.0,2100.0,0.698
A-10431,Pied Piper Group,Education,Mid-Market,1434,406689000.0,NA-East,New York,5200.0,6000.0,4300.0,0.555
A-10432,Cyberdyne Technologies,Education,Mid-Market,604,476649000.0,NA-East,Atlanta,11200.0,4900.0,3100.0,0.381
A-10433,Wonka Group,Education,Mid-Market,411,373363000.0,NA-East,New York,6400.0,7200.0,2800.0,0.674
A-10434,Nakatomi Technologies,Healthcare,SMB,91,11124000.0,NA-East,Chicago,1100.0,2700.0,1000.0,0.42
A-10435,Soylent Industries,Education,SMB,140,23450000.0,NA-East,Boston,300.0,1900.0,1900.0,0.696
A-10436,Northwind Systems,Media,Enterprise,46691,9683182000.0,NA-West,Denver,17400.0,16400.0,7000.0,0.485
A-10437,Dunder Industries,Healthcare,Mid-Market,1942,301802000.0,NA-East,Austin,7800.0,9500.0,8700.0,0.972
A-10438,Hooli Cloud,Media,Mid-Market,1867,177316000.0,NA-East,Atlanta,10800.0,5800.0,2900.0,0.645
A-10439,Prestige Analytics,Energy,Mid-Market,295,116879000.0,EMEA,Berlin,4300.0,8800.0,7100.0,0.726
A-10440,Cogswell Group,Financial Services,Enterprise,18781,4472807000.0,NA-West,Denver,14900.0,21500.0,12500.0,0.548
A-10441,Contoso Technologies,Financial Services,SMB,56,25407000.0,NA-East,Atlanta,600.0,1200.0,2200.0,0.712
A-10442,Aperture Analytics,Retail,Mid-Market,1269,52612000.0,NA-West,San Francisco,11700.0,10400.0,5500.0,0.676
A-10443,Northwind Cloud,Financial Services,SMB,113,30512000.0,APAC,Tokyo,600.0,4000.0,1500.0,0.941
A-10444,Pied Piper Group,Financial Services,Mid-Market,737,410495000.0,NA-West,Denver,9400.0,5900.0,4500.0,0.402
A-10445,Nakatomi Partners,Education,SMB,124,5421000.0,APAC,Seoul,1900.0,1500.0,1200.0,0.118
A-10446,Pied Piper Digital,Financial Services,Mid-Market,723,246810000.0,NA-West,Denver,11100.0,7000.0,2700.0,0.159
A-10447,Northwind Digital,Financial Services,Mid-Market,1119,235859000.0,NA-West,Los Angeles,6600.0,9400.0,5200.0,0.747
A-10448,Contoso Technologies,Software,SMB,25,43961000.0,EMEA,Berlin,1400.0,2300.0,800.0,0.348
A-10449,Dunder Labs,Telecom,Mid-Market,1161,52631000.0,NA-East,Chicago,3200.0,10500.0,5600.0,0.758
A-10450,Wonka Cloud,Telecom,Enterprise,40622,2208885000.0,NA-East,Chicago,9700.0,26900.0,21200.0,0.701
A-10451,Stark Solutions,Healthcare,Enterprise,24751,925428000.0,EMEA,Paris,10800.0,28800.0,9300.0,0.623
A-10452,Northwind Industries,Software,Enterprise,6927,17028776000.0,NA-East,Chicago,20100.0,21100.0,14900.0,0.434
A-10453,Massive Analytics,Energy,Mid-Market,617,77317000.0,NA-East,Austin,2200.0,8500.0,5100.0,0.677
A-10454,Soylent Networks,Media,Mid-Market,1859,434054000.0,NA-East,Atlanta,9200.0,7300.0,3300.0,0.613
A-10455,Stark Cloud,Financial Services,Mid-Market,1400,108093000.0,EMEA,Madrid,4000.0,8600.0,4100.0,0.409
A-10456,Gekko Systems,Financial Services,Mid-Market,807,101286000.0,NA-West,Denver,4300.0,5800.0,5300.0,0.48
A-10457,Gekko Networks,Financial Services,Mid-Market,1471,466984000.0,NA-East,Atlanta,6400.0,9600.0,5500.0,0.512
A-10458,Initech Holdings,Media,Mid-Market,482,181455000.0,EMEA,London,6400.0,9500.0,3500.0,0.82
A-10459,Nakatomi Industries,Retail,Mid-Market,1109,88355000.0,NA-East,New York,5700.0,8500.0,1900.0,0.453
A-10460,Tyrell Solutions,Logistics,SMB,160,18727000.0,NA-West,Los Angeles,400.0,2500.0,1000.0,0.307
A-10461,Pied Piper Group,Education,Enterprise,4774,12816347000.0,NA-West,Phoenix,30000.0,28100.0,15600.0,0.62
A-10462,Wonka Systems,Retail,SMB,181,30910000.0,NA-East,Atlanta,800.0,2400.0,900.0,0.336
A-10463,Vandelay Partners,Financial Services,Mid-Market,266,200522000.0,NA-East,Austin,9300.0,9800.0,5100.0,0.605
A-10464,Acme Digital,Education,SMB,59,41779000.0,NA-West,Phoenix,1400.0,2500.0,700.0,0.342
A-10465,Acme Solutions,Media,Mid-Market,1969,412424000.0,NA-East,New York,11900.0,6400.0,3600.0,0.346
A-10466,Cogswell Holdings,Financial Services,Mid-Market,790,312066000.0,EMEA,Amsterdam,10200.0,4400.0,2500.0,0.206
A-10467,Oscorp Digital,Logistics,Mid-Market,1601,442407000.0,NA-West,Denver,7800.0,5100.0,2800.0,0.181
A-10468,Sterling Digital,Logistics,Mid-Market,412,145689000.0,APAC,Bangalore,6700.0,9300.0,5100.0,0.821
A-10469,Stark Solutions,Software,SMB,160,7965000.0,APAC,Tokyo,2500.0,1600.0,1100.0,0.411
A-10470,Tyrell Solutions,Education,Enterprise,16865,9321301000.0,EMEA,Berlin,16800.0,15700.0,13600.0,0.327
A-10471,Cogswell Industries,Financial Services,Mid-Market,1639,349026000.0,EMEA,Amsterdam,6100.0,6300.0,1800.0,0.197
A-10472,Acme Networks,Retail,Mid-Market,1209,105702000.0,NA-West,Phoenix,7600.0,4000.0,1800.0,0.165
A-10473,Dunder Digital,Healthcare,Enterprise,48194,5861769000.0,NA-East,Austin,12200.0,23500.0,7100.0,0.647
A-10474,Acme Industries,Telecom,SMB,44,2179000.0,EMEA,Amsterdam,2300.0,1000.0,1800.0,0.406
A-10475,Dunder Group,Software,Mid-Market,1306,196381000.0,NA-West,San Francisco,2300.0,6800.0,7100.0,0.723
A-10476,Soylent Networks,Education,Enterprise,13351,10418115000.0,NA-West,Seattle,22700.0,25800.0,5900.0,0.395
A-10477,Hooli Digital,Education,SMB,138,13069000.0,NA-West,Seattle,2400.0,1500.0,2000.0,0.489
A-10478,Contoso Holdings,Logistics,SMB,190,48106000.0,NA-West,Denver,2400.0,1300.0,1400.0,0.468
A-10479,Dunder Technologies,Media,Enterprise,42437,4648706000.0,EMEA,Amsterdam,34400.0,28600.0,19500.0,0.979
A-10480,Hooli Technologies,Manufacturing,Mid-Market,1298,480838000.0,NA-West,Phoenix,5200.0,6100.0,4600.0,0.597
A-10481,Sterling Group,Software,SMB,125,1210000.0,NA-West,Seattle,300.0,3200.0,1100.0,0.466
A-10482,Dunder Solutions,Financial Services,Enterprise,18943,16349234000.0,NA-East,Chicago,34000.0,13200.0,6200.0,0.479
A-10483,Vandelay Labs,Education,Mid-Market,1325,413787000.0,NA-West,San Francisco,4200.0,6000.0,3100.0,0.15
A-10484,Cyberdyne Labs,Retail,SMB,118,25207000.0,APAC,Sydney,2300.0,1200.0,1500.0,0.259
A-10485,Hooli Holdings,Software,SMB,198,34956000.0,NA-East,Austin,2300.0,1800.0,1700.0,0.681
A-10486,Tyrell Partners,Financial Services,Mid-Market,1424,259964000.0,NA-East,Chicago,5600.0,5700.0,1700.0,0.018
A-10487,Oscorp Systems,Manufacturing,SMB,195,21767000.0,EMEA,Paris,600.0,1400.0,700.0,0.14
A-10488,Wayne Partners,Manufacturing,Mid-Market,394,157262000.0,NA-West,Seattle,5400.0,5600.0,5800.0,0.62
A-10489,Northwind Technologies,Media,Enterprise,44724,14020592000.0,NA-West,Los Angeles,32400.0,13500.0,6700.0,0.496
A-10490,Cyberdyne Technologies,Financial Services,Enterprise,31630,8516606000.0,EMEA,London,35300.0,26300.0,11800.0,0.74
A-10491,Wayne Networks,Manufacturing,SMB,30,1602000.0,NA-East,Chicago,2900.0,2900.0,1400.0,0.528
A-10492,Umbra Systems,Software,Mid-Market,429,313035000.0,EMEA,Amsterdam,7100.0,6900.0,2200.0,0.315
A-10493,Acme Digital,Education,SMB,134,8085000.0,NA-West,Phoenix,1200.0,2400.0,1700.0,0.9
A-10494,Dunder Solutions,Energy,SMB,123,17226000.0,NA-East,New York,2400.0,3200.0,1300.0,0.65
A-10495,Pied Piper Holdings,Manufacturing,SMB,98,11444000.0,NA-East,Chicago,2100.0,1600.0,1400.0,0.176
A-10496,Wonka Systems,Software,SMB,47,14921000.0,EMEA,Madrid,1100.0,1600.0,1700.0,0.598
A-10497,Umbra Technologies,Financial Services,Mid-Market,809,144607000.0,NA-West,Phoenix,6600.0,5800.0,5700.0,0.561
A-10498,Cyberdyne Cloud,Media,Mid-Market,772,243293000.0,NA-West,Los Angeles,8400.0,12100.0,4000.0,0.933
A-10499,Umbra Digital,Education,SMB,178,11253000.0,EMEA,Amsterdam,600.0,800.0,1200.0,0.167
A-10500,Contoso Industries,Media,Mid-Market,1145,267484000.0,NA-East,New York,11600.0,4700.0,2500.0,0.11
A-10501,Contoso Industries,Retail,Mid-Market,1190,110449000.0,NA-East,Austin,2800.0,8500.0,4300.0,0.739
A-10502,Nakatomi Industries,Retail,Mid-Market,888,130805000.0,NA-West,Phoenix,4300.0,5400.0,2400.0,0.194
A-10503,Initech Labs,Media,Mid-Market,268,140138000.0,NA-West,San Francisco,4000.0,5600.0,2500.0,0.352
A-10504,Hooli Systems,Retail,Mid-Market,707,205985000.0,NA-West,Seattle,12000.0,9000.0,4400.0,0.556
A-10505,Gekko Networks,Logistics,SMB,153,36403000.0,EMEA,London,2000.0,2900.0,1400.0,0.544
A-10506,Umbra Networks,Healthcare,SMB,68,37152000.0,NA-West,Los Angeles,2100.0,3100.0,700.0,0.507
A-10507,Acme Networks,Software,SMB,185,8531000.0,NA-West,Los Angeles,3800.0,2300.0,1100.0,0.509
A-10508,Pied Piper Partners,Financial Services,Mid-Market,508,353698000.0,NA-East,Austin,3800.0,6700.0,5900.0,0.503
A-10509,Gekko Systems,Healthcare,SMB,72,45581000.0,NA-East,New York,1700.0,1100.0,700.0,0.46
A-10510,Nakatomi Group,Education,SMB,119,16205000.0,NA-West,Denver,1100.0,2400.0,2200.0,0.74
A-10511,Aperture Solutions,Education,SMB,17,5464000.0,NA-East,Boston,2700.0,2100.0,1200.0,0.085
A-10512,Dunder Group,Education,SMB,28,35234000.0,NA-West,Seattle,500.0,2300.0,1400.0,0.651
A-10513,Prestige Labs,Media,SMB,24,6156000.0,NA-West,Phoenix,3100.0,1200.0,1100.0,0.27
A-10514,Vandelay Technologies,Software,Mid-Market,219,101607000.0,NA-East,Atlanta,11200.0,4400.0,2100.0,0.076
A-10515,Hooli Group,Healthcare,Mid-Market,1709,323145000.0,NA-East,Chicago,3800.0,6500.0,3400.0,0.386
A-10516,Northwind Analytics,Logistics,Enterprise,12375,14086476000.0,NA-East,Boston,34300.0,13100.0,5500.0,0.135
A-10517,Soylent Holdings,Financial Services,SMB,13,2369000.0,NA-East,New York,400.0,2700.0,900.0,0.276
A-10518,Tyrell Digital,Financial Services,SMB,164,16811000.0,NA-East,New York,2600.0,1000.0,600.0,0.18
A-10519,Aperture Holdings,Financial Services,Mid-Market,1384,175306000.0,APAC,Bangalore,8200.0,6800.0,3700.0,0.537
A-10520,Initech Networks,Media,Enterprise,49107,14078150000.0,EMEA,Madrid,28700.0,24300.0,6900.0,0.362
A-10521,Acme Networks,Education,SMB,95,26040000.0,NA-East,Atlanta,3000.0,2000.0,500.0,0.206
A-10522,Wonka Solutions,Retail,Mid-Market,563,219087000.0,NA-East,New York,8400.0,6300.0,1600.0,0.216
A-10523,Tyrell Analytics,Retail,Mid-Market,1550,153055000.0,NA-East,Chicago,9300.0,10600.0,5100.0,0.76
A-10524,Aperture Analytics,Software,Mid-Market,316,271239000.0,NA-West,San Francisco,11500.0,5400.0,2400.0,0.234
A-10525,Tyrell Cloud,Energy,Enterprise,16950,14572638000.0,APAC,Singapore,13600.0,12200.0,8800.0,0.226
A-10526,Wonka Technologies,Telecom,Enterprise,10052,9106833000.0,NA-West,Seattle,22700.0,24400.0,21300.0,0.726
A-10527,Umbra Digital,Healthcare,SMB,58,23719000.0,EMEA,Madrid,2000.0,2000.0,800.0,0.037
A-10528,Cogswell Cloud,Media,Mid-Market,1084,466561000.0,NA-East,New York,11400.0,5400.0,6000.0,0.602
A-10529,Oscorp Group,Manufacturing,SMB,154,47898000.0,NA-West,Denver,3200.0,4000.0,1000.0,0.734
A-10530,Nakatomi Systems,Media,SMB,129,34145000.0,NA-West,Denver,2900.0,2600.0,1400.0,0.873
A-10531,Sterling Technologies,Telecom,Mid-Market,1470,488366000.0,NA-West,Denver,2800.0,4500.0,1800.0,0.263
A-10532,Cogswell Labs,Financial Services,SMB,130,39058000.0,EMEA,Paris,1600.0,1500.0,1000.0,0.297
A-10533,Stark Cloud,Telecom,Enterprise,10190,7805702000.0,NA-East,Chicago,29600.0,20900.0,12000.0,0.591
A-10534,Hooli Technologies,Energy,Enterprise,32088,12676218000.0,NA-West,San Francisco,35400.0,17500.0,17800.0,0.677
A-10535,Acme Analytics,Education,Enterprise,39881,1316257000.0,NA-West,Denver,12400.0,8500.0,5700.0,0.121
A-10536,Wonka Analytics,Telecom,SMB,81,3805000.0,NA-West,Phoenix,1600.0,3300.0,1900.0,0.479
A-10537,Aperture Networks,Energy,Mid-Market,1126,347103000.0,NA-West,Denver,2000.0,10200.0,3600.0,0.704
A-10538,Massive Solutions,Telecom,Mid-Market,1530,407282000.0,APAC,Tokyo,5500.0,5900.0,3200.0,0.354
A-10539,Gekko Systems,Healthcare,SMB,104,5267000.0,APAC,Bangalore,3400.0,2600.0,2200.0,0.629
A-10540,Dunder Cloud,Financial Services,SMB,30,49675000.0,APAC,Bangalore,400.0,1700.0,1000.0,0.562
A-10541,Sterling Industries,Manufacturing,SMB,187,38551000.0,NA-West,Denver,2500.0,3000.0,800.0,0.612
A-10542,Wayne Cloud,Education,Mid-Market,1886,385078000.0,NA-West,Denver,3200.0,7700.0,3000.0,0.742
A-10543,Dunder Group,Logistics,Mid-Market,1394,315849000.0,EMEA,Madrid,3100.0,4300.0,2000.0,0.072
A-10544,Umbra Cloud,Software,Enterprise,30746,6523383000.0,EMEA,Berlin,39700.0,14100.0,8200.0,0.122
A-10545,Wayne Group,Manufacturing,Enterprise,42707,18721442000.0,APAC,Seoul,12900.0,18600.0,17600.0,0.49
A-10546,Acme Digital,Telecom,SMB,74,34217000.0,APAC,Singapore,4000.0,4000.0,1100.0,0.821
A-10547,Northwind Cloud,Retail,SMB,96,9021000.0,NA-West,Phoenix,800.0,1900.0,2100.0,0.611
A-10548,Initech Analytics,Healthcare,SMB,81,49152000.0,NA-West,Los Angeles,2800.0,1900.0,2000.0,0.513
A-10549,Cyberdyne Holdings,Software,Enterprise,7702,8234574000.0,NA-West,Seattle,15600.0,20400.0,8300.0,0.116
A-10550,Cyberdyne Partners,Energy,Mid-Market,861,104000000.0,NA-West,Denver,2800.0,7800.0,5700.0,0.576
A-10551,Stark Networks,Healthcare,Mid-Market,378,78574000.0,NA-East,Austin,11100.0,8300.0,3800.0,0.283
A-10552,Prestige Cloud,Financial Services,SMB,153,11166000.0,NA-West,San Francisco,2700.0,900.0,1500.0,0.271
A-10553,Globex Digital,Retail,Enterprise,42869,1182603000.0,EMEA,Paris,39300.0,14700.0,7900.0,0.071
A-10554,Stark Analytics,Logistics,Mid-Market,1000,309682000.0,NA-West,Phoenix,9000.0,4000.0,4100.0,0.216
A-10555,Umbra Partners,Manufacturing,Mid-Market,1923,320965000.0,APAC,Tokyo,4200.0,5000.0,2000.0,0.448
A-10556,Hooli Analytics,Telecom,Mid-Market,1892,114460000.0,NA-West,Phoenix,4000.0,6300.0,4200.0,0.604
A-10557,Wayne Technologies,Telecom,Mid-Market,246,321623000.0,NA-West,Los Angeles,2800.0,6000.0,5500.0,0.544
A-10558,Soylent Partners,Software,Enterprise,6701,19599962000.0,NA-West,Phoenix,12800.0,31300.0,9700.0,0.755
A-10559,Sterling Networks,Retail,SMB,114,30766000.0,EMEA,London,3600.0,2000.0,1300.0,0.396
A-10560,Cyberdyne Solutions,Education,Enterprise,8123,685201000.0,APAC,Bangalore,23000.0,16900.0,11800.0,0.214
A-10561,Aperture Group,Energy,Enterprise,49339,16070144000.0,NA-West,Denver,22600.0,26400.0,12300.0,0.614
A-10562,Globex Group,Education,Mid-Market,303,384534000.0,NA-East,Boston,7500.0,5400.0,4900.0,0.495
A-10563,Prestige Cloud,Financial Services,Mid-Market,929,327329000.0,EMEA,Madrid,11100.0,10600.0,6200.0,0.816
A-10564,Gekko Analytics,Education,SMB,18,22984000.0,NA-East,Austin,900.0,3000.0,2000.0,0.508
A-10565,Contoso Industries,Financial Services,SMB,74,34274000.0,EMEA,Paris,3400.0,1200.0,1500.0,0.546
A-10566,Stark Analytics,Logistics,SMB,166,2736000.0,EMEA,Berlin,2000.0,2500.0,1000.0,0.565
A-10567,Cyberdyne Industries,Software,Mid-Market,382,271421000.0,NA-East,Atlanta,2800.0,4500.0,2800.0,0.078
A-10568,Prestige Partners,Financial Services,Mid-Market,1980,345326000.0,NA-West,San Francisco,6400.0,7800.0,6600.0,0.682
A-10569,Cogswell Industries,Software,Enterprise,9695,4380343000.0,NA-East,New York,21800.0,13900.0,12000.0,0.616
A-10570,Cyberdyne Digital,Telecom,SMB,34,47926000.0,NA-West,Denver,3200.0,2500.0,1600.0,0.386
A-10571,Tyrell Solutions,Retail,Enterprise,15546,2110990000.0,NA-West,San Francisco,20000.0,31100.0,15800.0,0.564
A-10572,Vandelay Solutions,Financial Services,Mid-Market,1462,276050000.0,NA-East,Boston,3800.0,4500.0,3500.0,0.154
A-10573,Massive Holdings,Financial Services,SMB,174,19637000.0,NA-East,Boston,2200.0,3900.0,1600.0,0.761
A-10574,Hooli Industries,Telecom,SMB,56,44860000.0,APAC,Singapore,1000.0,1600.0,900.0,0.398
A-10575,Initech Analytics,Software,Enterprise,34782,15524041000.0,NA-East,Atlanta,9600.0,18900.0,9900.0,0.525
A-10576,Umbra Analytics,Education,Mid-Market,416,313953000.0,EMEA,Amsterdam,11100.0,6500.0,5100.0,0.428
A-10577,Northwind Group,Manufacturing,SMB,89,35869000.0,NA-West,Denver,3600.0,1400.0,1600.0,0.389
A-10578,Massive Partners,Healthcare,SMB,65,47834000.0,EMEA,Amsterdam,500.0,2200.0,600.0,0.517
A-10579,Prestige Technologies,Telecom,SMB,125,11139000.0,NA-West,Denver,300.0,2000.0,1400.0,0.489
A-10580,Soylent Partners,Retail,Mid-Market,1193,126999000.0,NA-East,New York,2500.0,9300.0,4100.0,0.777
A-10581,Initech Systems,Media,Mid-Market,1338,487498000.0,NA-West,Los Angeles,5200.0,11100.0,3300.0,0.645
A-10582,Wonka Holdings,Retail,SMB,43,48609000.0,EMEA,Berlin,2300.0,1200.0,2000.0,0.572
A-10583,Prestige Holdings,Energy,SMB,51,14171000.0,EMEA,Amsterdam,2500.0,2500.0,1300.0,0.279
A-10584,Aperture Group,Healthcare,SMB,45,25035000.0,EMEA,Paris,3000.0,2200.0,1400.0,0.507
A-10585,Aperture Analytics,Telecom,Mid-Market,380,287050000.0,NA-West,Los Angeles,9300.0,6500.0,4400.0,0.674
A-10586,Globex Partners,Healthcare,SMB,188,30382000.0,NA-East,Chicago,3200.0,4300.0,1100.0,0.9
A-10587,Aperture Group,Retail,Enterprise,17924,3513010000.0,EMEA,Amsterdam,7000.0,21000.0,13000.0,0.521
A-10588,Dunder Technologies,Financial Services,SMB,103,49548000.0,NA-East,New York,1100.0,2100.0,1300.0,0.693
A-10589,Contoso Technologies,Logistics,SMB,73,9887000.0,NA-West,San Francisco,1900.0,2500.0,1200.0,0.238
A-10590,Globex Systems,Healthcare,SMB,157,8183000.0,NA-East,Austin,800.0,2200.0,1200.0,0.164
A-10591,Wonka Industries,Energy,Mid-Market,962,362039000.0,EMEA,Madrid,6100.0,6500.0,6100.0,0.702
A-10592,Globex Networks,Telecom,SMB,110,39053000.0,NA-West,Los Angeles,3300.0,2100.0,900.0,0.41
A-10593,Northwind Industries,Media,Mid-Market,1727,440048000.0,NA-West,Seattle,10200.0,7900.0,4300.0,0.261
A-10594,Cyberdyne Cloud,Software,Mid-Market,1453,241119000.0,NA-West,Phoenix,2500.0,11600.0,5900.0,0.726
A-10595,Oscorp Technologies,Healthcare,Enterprise,38740,9660412000.0,NA-East,Chicago,9900.0,18300.0,10000.0,0.95
A-10596,Pied Piper Systems,Education,Mid-Market,1552,276483000.0,APAC,Bangalore,2100.0,5300.0,2000.0,0.281
A-10597,Gekko Technologies,Healthcare,SMB,151,20620000.0,NA-East,Chicago,500.0,1300.0,1900.0,0.404
A-10598,Cyberdyne Group,Software,Mid-Market,1646,340991000.0,EMEA,Amsterdam,3900.0,7900.0,3400.0,0.445
A-10599,Acme Partners,Manufacturing,Enterprise,28481,12948585000.0,NA-West,Phoenix,6100.0,17300.0,11100.0,0.801
A-10600,Wonka Partners,Telecom,Mid-Market,1100,191513000.0,APAC,Seoul,5900.0,3900.0,2100.0,0.151
A-10601,Cyberdyne Solutions,Education,Mid-Market,1763,66834000.0,NA-West,San Francisco,3600.0,8200.0,1900.0,0.398
A-10602,Cogswell Networks,Logistics,SMB,186,17729000.0,NA-West,San Francisco,3200.0,3600.0,1500.0,0.574
A-10603,Umbra Networks,Energy,Mid-Market,375,56724000.0,NA-West,Denver,9700.0,6700.0,2600.0,0.093
A-10604,Wonka Labs,Financial Services,Mid-Market,522,397373000.0,EMEA,London,4600.0,6300.0,5200.0,0.714
A-10605,Cyberdyne Technologies,Education,Mid-Market,1850,108043000.0,NA-West,Denver,5700.0,6500.0,7200.0,0.816
A-10606,Pied Piper Systems,Manufacturing,SMB,142,28479000.0,APAC,Tokyo,900.0,2600.0,500.0,0.22
A-10607,Pied Piper Digital,Energy,Enterprise,7237,4015331000.0,NA-West,Phoenix,8800.0,13800.0,11700.0,0.507
A-10608,Nakatomi Labs,Retail,SMB,96,27709000.0,NA-West,Denver,3800.0,2000.0,1600.0,0.411
A-10609,Nakatomi Holdings,Software,Enterprise,12151,947383000.0,NA-West,Phoenix,31600.0,13400.0,7300.0,0.155
A-10610,Hooli Group,Software,Mid-Market,366,455739000.0,NA-West,Los Angeles,5400.0,6500.0,3800.0,0.322
A-10611,Cogswell Analytics,Education,SMB,127,16863000.0,NA-West,Seattle,3900.0,2700.0,700.0,0.309
A-10612,Cogswell Systems,Energy,SMB,189,43006000.0,NA-East,Atlanta,2600.0,1800.0,600.0,0.119
A-10613,Wonka Holdings,Manufacturing,Mid-Market,1949,309576000.0,NA-East,New York,2100.0,5200.0,3000.0,0.366
A-10614,Wonka Digital,Telecom,SMB,109,38489000.0,NA-West,Seattle,700.0,1900.0,1100.0,0.382
A-10615,Pied Piper Partners,Education,Enterprise,47019,18164714000.0,NA-East,Boston,8500.0,25200.0,15100.0,0.567
A-10616,Initech Analytics,Energy,Enterprise,26161,16214478000.0,EMEA,London,28400.0,28300.0,19500.0,0.637
A-10617,Aperture Technologies,Telecom,SMB,11,19358000.0,NA-West,Denver,1100.0,1500.0,1500.0,0.287
A-10618,Wonka Digital,Education,Mid-Market,771,126685000.0,EMEA,Berlin,7700.0,7000.0,3000.0,0.937
A-10619,Pied Piper Technologies,Healthcare,Mid-Market,925,193156000.0,NA-East,Chicago,3600.0,5700.0,1600.0,0.15
A-10620,Prestige Group,Media,Mid-Market,566,91969000.0,NA-East,Boston,6400.0,7000.0,2500.0,0.324
A-10621,Wonka Group,Manufacturing,Mid-Market,1374,149790000.0,NA-East,New York,3900.0,13200.0,6400.0,0.916
A-10622,Oscorp Labs,Financial Services,SMB,97,30199000.0,NA-East,Chicago,700.0,3100.0,2100.0,0.779
A-10623,Pied Piper Labs,Manufacturing,Mid-Market,1437,218864000.0,EMEA,London,5100.0,6800.0,3800.0,0.458
A-10624,Wayne Industries,Energy,SMB,199,30400000.0,EMEA,Paris,300.0,2500.0,600.0,0.294
A-10625,Wayne Group,Manufacturing,Mid-Market,350,361221000.0,NA-West,San Francisco,3300.0,4400.0,2100.0,0.236
A-10626,Cyberdyne Holdings,Retail,Mid-Market,511,359176000.0,NA-West,San Francisco,10900.0,7700.0,4200.0,0.536
A-10627,Aperture Technologies,Education,Mid-Market,1544,417151000.0,NA-West,Phoenix,8200.0,11000.0,5000.0,0.847
A-10628,Hooli Networks,Telecom,Mid-Market,728,422009000.0,NA-East,Austin,8500.0,7400.0,4200.0,0.227
A-10629,Wonka Industries,Healthcare,SMB,158,6993000.0,NA-West,San Francisco,1500.0,1300.0,700.0,0.266
A-10630,Vandelay Labs,Logistics,Enterprise,15346,12354135000.0,NA-West,Denver,35900.0,19800.0,10300.0,0.7
A-10631,Initech Labs,Energy,SMB,42,17017000.0,NA-West,Denver,1700.0,1500.0,1400.0,0.895
A-10632,Pied Piper Systems,Financial Services,Mid-Market,1045,423433000.0,NA-West,Phoenix,6200.0,9000.0,2000.0,0.424
A-10633,Aperture Solutions,Financial Services,Mid-Market,1717,471967000.0,NA-West,Seattle,3000.0,7300.0,5000.0,0.555
A-10634,Wonka Digital,Software,Mid-Market,1881,440607000.0,EMEA,Paris,4600.0,4200.0,1800.0,0.156
A-10635,Umbra Networks,Energy,SMB,32,16647000.0,NA-West,Seattle,800.0,1200.0,600.0,0.153
A-10636,Hooli Industries,Energy,Mid-Market,606,168715000.0,EMEA,Madrid,5000.0,7800.0,4200.0,0.568
A-10637,Acme Analytics,Manufacturing,Enterprise,24471,8008674000.0,NA-East,Boston,22100.0,35700.0,8500.0,0.762
A-10638,Wonka Technologies,Energy,Mid-Market,1762,281059000.0,EMEA,Amsterdam,9800.0,5200.0,2300.0,0.416
A-10639,Initech Holdings,Software,Enterprise,44916,4147080000.0,NA-West,Los Angeles,6000.0,21400.0,7800.0,0.568
A-10640,Wayne Systems,Energy,SMB,61,5793000.0,NA-East,Atlanta,2700.0,1700.0,1000.0,0.307
A-10641,Northwind Analytics,Manufacturing,SMB,192,11759000.0,NA-East,Atlanta,500.0,2100.0,700.0,0.43
A-10642,Soylent Cloud,Retail,Enterprise,25768,3835068000.0,NA-West,San Francisco,12100.0,15500.0,8100.0,0.252
A-10643,Wayne Analytics,Financial Services,Mid-Market,499,199470000.0,NA-East,Atlanta,6600.0,9600.0,3000.0,0.515
A-10644,Massive Industries,Energy,SMB,120,24927000.0,NA-East,Chicago,1200.0,2700.0,2100.0,0.548
A-10645,Initech Partners,Media,Enterprise,23725,14828893000.0,EMEA,Amsterdam,39600.0,30900.0,19200.0,0.757
A-10646,Massive Solutions,Financial Services,Mid-Market,685,283689000.0,NA-East,Atlanta,8400.0,8200.0,5100.0,0.596
A-10647,Wonka Holdings,Financial Services,Enterprise,11304,19118881000.0,NA-East,Boston,27400.0,27300.0,19400.0,0.595
A-10648,Gekko Cloud,Media,SMB,168,7025000.0,EMEA,Amsterdam,3200.0,1600.0,600.0,0.402
A-10649,Stark Networks,Logistics,Mid-Market,1395,186641000.0,EMEA,Berlin,4900.0,6600.0,2300.0,0.373
A-10650,Acme Systems,Retail,SMB,36,44057000.0,NA-West,San Francisco,3200.0,1100.0,1300.0,0.597
A-10651,Globex Partners,Manufacturing,Mid-Market,257,469821000.0,APAC,Seoul,4500.0,5500.0,3900.0,0.4
A-10652,Oscorp Group,Manufacturing,SMB,57,21399000.0,NA-West,Denver,1000.0,2600.0,1100.0,0.465
A-10653,Sterling Industries,Energy,Mid-Market,837,259949000.0,NA-West,Denver,11600.0,7900.0,7200.0,0.761
A-10654,Prestige Networks,Retail,Mid-Market,296,430298000.0,APAC,Sydney,3300.0,9100.0,3200.0,0.757
A-10655,Initech Partners,Education,SMB,101,17234000.0,NA-East,Austin,500.0,3200.0,1500.0,0.825
A-10656,Pied Piper Group,Retail,SMB,129,36238000.0,NA-East,New York,3800.0,1400.0,2200.0,0.586
A-10657,Aperture Technologies,Software,SMB,185,15696000.0,NA-East,Boston,2100.0,2700.0,2600.0,0.822
A-10658,Acme Group,Healthcare,Enterprise,41290,13320575000.0,NA-West,Phoenix,11000.0,12900.0,6900.0,0.387
A-10659,Cyberdyne Cloud,Financial Services,SMB,98,40861000.0,NA-East,Chicago,800.0,2300.0,1300.0,0.773
A-10660,Wonka Group,Energy,Mid-Market,1788,256258000.0,NA-West,Denver,2100.0,5200.0,1200.0,0.05
A-10661,Pied Piper Cloud,Education,Enterprise,18285,14446055000.0,NA-East,Austin,32500.0,12800.0,6300.0,0.306
A-10662,Oscorp Networks,Media,Mid-Market,1252,423449000.0,EMEA,Berlin,2700.0,5200.0,3800.0,0.291
A-10663,Soylent Labs,Healthcare,Enterprise,36951,7989628000.0,NA-East,Boston,39100.0,18600.0,9200.0,0.124
A-10664,Contoso Industries,Financial Services,SMB,142,19504000.0,NA-West,Seattle,4000.0,2600.0,2100.0,0.571
A-10665,Vandelay Labs,Education,Mid-Market,243,481925000.0,NA-West,Seattle,3000.0,8100.0,4800.0,0.666
A-10666,Cogswell Analytics,Logistics,Enterprise,25816,16731857000.0,NA-West,San Francisco,25000.0,14000.0,13200.0,0.391
A-10667,Oscorp Labs,Healthcare,Mid-Market,1608,184202000.0,NA-West,Phoenix,3200.0,8900.0,6100.0,0.613
A-10668,Contoso Partners,Financial Services,Mid-Market,1161,158629000.0,NA-East,Atlanta,7200.0,5100.0,2300.0,0.16
A-10669,Acme Systems,Media,Mid-Market,958,140230000.0,NA-West,Phoenix,10900.0,8800.0,2700.0,0.396
A-10670,Umbra Partners,Software,Enterprise,6994,10183636000.0,NA-West,Seattle,12900.0,9700.0,8300.0,0.155
A-10671,Prestige Solutions,Software,Mid-Market,896,219753000.0,NA-East,Boston,3300.0,9400.0,5700.0,0.653
A-10672,Oscorp Systems,Manufacturing,SMB,88,37876000.0,NA-East,New York,3300.0,1300.0,1100.0,0.664
A-10673,Umbra Networks,Telecom,Mid-Market,1061,105069000.0,NA-West,San Francisco,2800.0,10000.0,6400.0,0.576
A-10674,Wonka Digital,Retail,Mid-Market,1764,159893000.0,NA-East,Chicago,10900.0,6200.0,2600.0,0.321
A-10675,Umbra Digital,Manufacturing,Mid-Market,748,298835000.0,NA-East,New York,3200.0,4400.0,1700.0,0.104
A-10676,Cyberdyne Partners,Financial Services,SMB,21,42874000.0,EMEA,London,1700.0,1400.0,1400.0,0.823
A-10677,Prestige Industries,Software,Enterprise,45682,15212322000.0,NA-West,Denver,16800.0,10700.0,7600.0,0.286
A-10678,Initech Digital,Telecom,SMB,190,46691000.0,NA-West,Phoenix,1400.0,2900.0,1600.0,0.374
A-10679,Soylent Group,Software,SMB,63,34447000.0,NA-East,Chicago,1300.0,2000.0,1800.0,0.531
A-10680,Massive Systems,Financial Services,SMB,68,33378000.0,EMEA,Berlin,3400.0,2300.0,1600.0,0.341
A-10681,Wayne Labs,Energy,SMB,44,38533000.0,NA-East,New York,1300.0,2100.0,2100.0,0.812
A-10682,Aperture Networks,Media,SMB,17,36151000.0,NA-West,Los Angeles,500.0,1200.0,2000.0,0.666
A-10683,Initech Labs,Logistics,SMB,94,26041000.0,NA-West,Seattle,1200.0,700.0,500.0,0.033
A-10684,Wonka Solutions,Retail,Mid-Market,1319,122141000.0,NA-West,Denver,2400.0,7100.0,3600.0,0.15
A-10685,Sterling Industries,Manufacturing,SMB,81,29552000.0,APAC,Sydney,2700.0,2400.0,1500.0,0.315
A-10686,Dunder Digital,Logistics,Enterprise,23168,5749063000.0,EMEA,London,34300.0,33700.0,17900.0,0.849
A-10687,Aperture Cloud,Telecom,Mid-Market,851,208393000.0,NA-West,Los Angeles,7100.0,12400.0,6300.0,0.816
A-10688,Soylent Technologies,Education,SMB,136,30672000.0,NA-East,Austin,3200.0,3400.0,2100.0,0.5
A-10689,Aperture Systems,Healthcare,Mid-Market,417,168519000.0,NA-West,Denver,7500.0,8200.0,5100.0,0.411
A-10690,Gekko Technologies,Telecom,SMB,77,20714000.0,NA-East,Boston,2400.0,1600.0,2100.0,0.962
A-10691,Aperture Cloud,Telecom,SMB,64,24378000.0,NA-West,Seattle,800.0,1900.0,1100.0,0.405
A-10692,Aperture Group,Logistics,Enterprise,36681,5946342000.0,EMEA,Amsterdam,32100.0,17400.0,7000.0,0.168
A-10693,Wayne Group,Healthcare,Mid-Market,275,475274000.0,NA-East,New York,10800.0,7100.0,3300.0,0.491
A-10694,Aperture Holdings,Healthcare,SMB,64,45967000.0,NA-East,Atlanta,4000.0,1600.0,1400.0,0.81
A-10695,Prestige Digital,Manufacturing,SMB,11,41793000.0,APAC,Tokyo,400.0,700.0,1300.0,0.12
A-10696,Initech Solutions,Telecom,Mid-Market,1087,89089000.0,APAC,Seoul,3400.0,11300.0,5900.0,0.72
A-10697,Aperture Analytics,Logistics,Mid-Market,1409,83340000.0,NA-East,Atlanta,8900.0,7300.0,4400.0,0.823
A-10698,Acme Holdings,Healthcare,SMB,121,43734000.0,NA-West,San Francisco,1100.0,900.0,1300.0,0.304
A-10699,Cogswell Cloud,Manufacturing,Enterprise,2153,1811595000.0,NA-East,Chicago,24500.0,34500.0,22700.0,0.801
A-10700,Contoso Partners,Manufacturing,Mid-Market,1775,350589000.0,NA-West,Denver,6900.0,6900.0,4300.0,0.537
A-10701,Aperture Industries,Manufacturing,Mid-Market,1392,102119000.0,NA-East,Austin,6600.0,10600.0,4000.0,0.759
A-10702,Soylent Systems,Retail,Mid-Market,682,146798000.0,NA-West,Denver,10500.0,8200.0,4100.0,0.632
A-10703,Hooli Solutions,Manufacturing,Mid-Market,811,418336000.0,NA-East,Atlanta,5100.0,6500.0,5200.0,0.415
A-10704,Prestige Systems,Software,Mid-Market,1644,90614000.0,NA-East,Boston,9000.0,9900.0,3200.0,0.784
A-10705,Wonka Industries,Telecom,SMB,50,36933000.0,EMEA,Amsterdam,3800.0,1500.0,700.0,0.373
A-10706,Sterling Holdings,Software,Enterprise,15077,2911035000.0,NA-West,Phoenix,32400.0,13600.0,6400.0,0.228
A-10707,Oscorp Technologies,Manufacturing,SMB,167,43106000.0,NA-West,Seattle,3200.0,2800.0,600.0,0.354
A-10708,Globex Holdings,Telecom,Mid-Market,1209,267507000.0,NA-East,Atlanta,11100.0,7400.0,3200.0,0.507
A-10709,Nakatomi Networks,Financial Services,Mid-Market,1357,199596000.0,NA-West,San Francisco,10100.0,9500.0,4100.0,0.586
A-10710,Gekko Cloud,Education,SMB,154,3888000.0,NA-West,Los Angeles,2100.0,1600.0,1500.0,0.271
A-10711,Prestige Solutions,Logistics,Mid-Market,1099,481764000.0,NA-East,Boston,4400.0,4300.0,1700.0,0.107
A-10712,Acme Group,Logistics,Mid-Market,1546,124789000.0,NA-East,Austin,6400.0,11400.0,5000.0,0.92
A-10713,Acme Partners,Financial Services,SMB,92,15417000.0,NA-West,Denver,3700.0,3100.0,1200.0,0.483
A-10714,Massive Partners,Energy,SMB,97,46874000.0,NA-East,Austin,3700.0,2500.0,800.0,0.201
A-10715,Acme Partners,Manufacturing,SMB,47,5599000.0,EMEA,Paris,2000.0,1200.0,1100.0,0.293
A-10716,Hooli Partners,Telecom,Enterprise,30054,6462131000.0,NA-East,Austin,26900.0,18600.0,12800.0,0.248
A-10717,Oscorp Labs,Healthcare,Mid-Market,1634,314293000.0,NA-West,Phoenix,9700.0,6200.0,2800.0,0.53
A-10718,Acme Holdings,Manufacturing,Mid-Market,364,411509000.0,EMEA,Amsterdam,3500.0,8900.0,2600.0,0.413
A-10719,Stark Digital,Financial Services,Enterprise,13557,8168310000.0,EMEA,Berlin,32100.0,18200.0,10600.0,0.41
A-10720,Hooli Cloud,Healthcare,SMB,169,28464000.0,NA-West,Phoenix,2100.0,1200.0,1300.0,0.334
A-10721,Massive Digital,Manufacturing,SMB,82,9771000.0,NA-East,Austin,3100.0,1300.0,800.0,0.129
A-10722,Acme Networks,Retail,Enterprise,3609,5861553000.0,NA-East,Austin,21800.0,26200.0,10800.0,0.4
A-10723,Massive Analytics,Energy,Enterprise,25534,9732244000.0,NA-East,Atlanta,35600.0,21400.0,9600.0,0.325
A-10724,Globex Technologies,Financial Services,SMB,20,32236000.0,EMEA,London,500.0,1200.0,1600.0,0.303
A-10725,Contoso Networks,Media,Enterprise,26784,18840631000.0,NA-East,Boston,19100.0,32300.0,19900.0,0.684
A-10726,Massive Holdings,Logistics,SMB,87,32130000.0,NA-East,New York,3400.0,1500.0,700.0,0.547
A-10727,Initech Labs,Healthcare,SMB,148,10097000.0,NA-West,Phoenix,2500.0,2100.0,1200.0,0.374
A-10728,Pied Piper Holdings,Healthcare,SMB,68,19586000.0,EMEA,London,1400.0,1800.0,2300.0,0.66
A-10729,Oscorp Industries,Media,Mid-Market,1590,285369000.0,NA-East,Chicago,10300.0,6100.0,3800.0,0.448
A-10730,Stark Holdings,Media,SMB,142,25684000.0,NA-West,Phoenix,3400.0,2000.0,2100.0,0.621
A-10731,Wonka Networks,Telecom,SMB,135,45162000.0,NA-West,Los Angeles,1500.0,1100.0,1200.0,0.271
A-10732,Contoso Solutions,Logistics,Enterprise,10935,924124000.0,NA-West,San Francisco,33300.0,13700.0,8900.0,0.361
A-10733,Cyberdyne Partners,Software,Mid-Market,1947,444845000.0,NA-East,Chicago,9600.0,9800.0,5000.0,0.774
A-10734,Stark Networks,Logistics,SMB,47,48649000.0,NA-East,Chicago,3100.0,1300.0,800.0,0.413
A-10735,Contoso Partners,Retail,Enterprise,5858,5105580000.0,NA-West,San Francisco,12100.0,13800.0,9200.0,0.686
A-10736,Dunder Technologies,Energy,Enterprise,35898,15379595000.0,NA-West,Phoenix,8400.0,24700.0,17000.0,0.504
A-10737,Prestige Labs,Media,Enterprise,25438,14938368000.0,EMEA,Paris,25500.0,29400.0,14200.0,0.575
A-10738,Pied Piper Holdings,Healthcare,Mid-Market,1099,69912000.0,NA-East,Boston,5000.0,6900.0,4100.0,0.232
A-10739,Tyrell Group,Healthcare,Enterprise,21114,10588297000.0,NA-West,Los Angeles,8700.0,12900.0,17900.0,0.523
A-10740,Pied Piper Analytics,Telecom,SMB,90,3671000.0,NA-West,San Francisco,1900.0,3300.0,800.0,0.814
A-10741,Contoso Technologies,Logistics,SMB,154,43645000.0,NA-West,Denver,600.0,3000.0,700.0,0.373
A-10742,Northwind Labs,Energy,Enterprise,24092,1476433000.0,APAC,Seoul,26000.0,16500.0,9200.0,0.293
A-10743,Initech Industries,Software,Mid-Market,1156,228297000.0,NA-East,Atlanta,3800.0,6000.0,1900.0,0.404
A-10744,Cogswell Digital,Education,Mid-Market,1025,84441000.0,NA-West,Los Angeles,5700.0,9800.0,3600.0,0.706
A-10745,Acme Group,Retail,Enterprise,36636,14982356000.0,APAC,Sydney,7800.0,30700.0,13900.0,0.758
A-10746,Northwind Industries,Education,SMB,99,38275000.0,APAC,Singapore,1900.0,2800.0,1700.0,0.473
A-10747,Vandelay Systems,Telecom,SMB,134,14464000.0,EMEA,Berlin,2000.0,1800.0,600.0,0.56
A-10748,Pied Piper Networks,Media,SMB,112,24305000.0,NA-East,New York,2400.0,3000.0,1600.0,0.525
A-10749,Cyberdyne Systems,Education,Mid-Market,1941,334123000.0,NA-West,Denver,7600.0,4800.0,2700.0,0.271
A-10750,Contoso Networks,Media,Mid-Market,1216,236927000.0,NA-West,Phoenix,9600.0,5300.0,4700.0,0.535
A-10751,Contoso Cloud,Telecom,SMB,114,18249000.0,NA-West,Denver,1100.0,1300.0,1200.0,0.582
A-10752,Prestige Technologies,Manufacturing,SMB,173,25247000.0,NA-West,Seattle,2000.0,2500.0,1400.0,0.464
A-10753,Tyrell Technologies,Telecom,SMB,45,2423000.0,NA-East,Boston,1100.0,1400.0,1700.0,0.632
A-10754,Wonka Systems,Education,Mid-Market,1790,344352000.0,NA-East,New York,7500.0,8600.0,2800.0,0.704
A-10755,Umbra Partners,Financial Services,SMB,179,11143000.0,EMEA,Paris,2000.0,3000.0,1000.0,0.639
A-10756,Contoso Holdings,Energy,Mid-Market,1499,81429000.0,NA-East,Boston,9500.0,9200.0,3900.0,0.687
A-10757,Pied Piper Digital,Software,SMB,93,41560000.0,NA-East,Austin,500.0,1100.0,1500.0,0.292
A-10758,Umbra Partners,Education,SMB,153,6477000.0,EMEA,London,900.0,1900.0,700.0,0.413
A-10759,Hooli Industries,Retail,Mid-Market,1440,198798000.0,NA-West,Los Angeles,6500.0,7700.0,3100.0,0.543
A-10760,Contoso Networks,Retail,Mid-Market,1055,247938000.0,NA-West,San Francisco,4900.0,6200.0,5500.0,0.446
A-10761,Umbra Networks,Software,SMB,59,36336000.0,NA-East,Boston,3100.0,3500.0,1800.0,0.704
A-10762,Cyberdyne Solutions,Healthcare,SMB,175,24621000.0,NA-East,Austin,2100.0,2600.0,1700.0,0.716
A-10763,Pied Piper Holdings,Media,Mid-Market,1097,306234000.0,NA-East,New York,8400.0,9500.0,5600.0,0.584
A-10764,Prestige Cloud,Logistics,Enterprise,43885,19423526000.0,NA-East,Austin,7000.0,18600.0,7900.0,0.349
A-10765,Cogswell Holdings,Financial Services,Mid-Market,1831,109647000.0,NA-West,Seattle,5000.0,6600.0,3300.0,0.546
A-10766,Oscorp Holdings,Education,Mid-Market,1077,306198000.0,NA-West,Phoenix,7800.0,7400.0,2400.0,0.499
A-10767,Gekko Solutions,Logistics,SMB,63,32619000.0,NA-West,Denver,1300.0,2300.0,900.0,0.543
A-10768,Gekko Solutions,Energy,Mid-Market,493,79502000.0,NA-West,Phoenix,6300.0,7200.0,2600.0,0.77
A-10769,Gekko Solutions,Financial Services,Mid-Market,1432,467398000.0,APAC,Bangalore,4100.0,7600.0,3900.0,0.698
A-10770,Nakatomi Analytics,Education,SMB,159,39208000.0,NA-West,Los Angeles,1300.0,1300.0,2000.0,0.419
A-10771,Oscorp Technologies,Telecom,SMB,11,47059000.0,NA-East,Atlanta,500.0,1500.0,900.0,0.295
A-10772,Wayne Technologies,Telecom,Mid-Market,786,301988000.0,NA-East,Boston,4000.0,4800.0,2400.0,0.184
A-10773,Northwind Analytics,Telecom,Mid-Market,1438,458999000.0,NA-East,Atlanta,6900.0,7300.0,3100.0,0.309
A-10774,Globex Industries,Telecom,Mid-Market,1683,443278000.0,NA-East,Chicago,7900.0,7000.0,5200.0,0.442
A-10775,Acme Group,Financial Services,Mid-Market,1767,364663000.0,NA-East,Chicago,9400.0,5900.0,2200.0,0.21
A-10776,Sterling Partners,Retail,SMB,124,46701000.0,NA-West,Denver,800.0,2200.0,1100.0,0.742
A-10777,Northwind Digital,Media,Mid-Market,1622,271404000.0,NA-East,Chicago,7700.0,9100.0,6000.0,0.915
A-10778,Oscorp Solutions,Education,Mid-Market,1370,135899000.0,NA-East,Austin,2700.0,7400.0,5200.0,0.468
A-10779,Wayne Solutions,Logistics,SMB,158,37233000.0,EMEA,Madrid,3800.0,1000.0,1400.0,0.329
A-10780,Soylent Networks,Media,SMB,111,33027000.0,NA-East,Atlanta,1000.0,1800.0,900.0,0.346
A-10781,Northwind Group,Logistics,SMB,76,4394000.0,APAC,Seoul,3500.0,1000.0,1500.0,0.447
A-10782,Umbra Solutions,Financial Services,SMB,168,19381000.0,NA-East,Boston,1900.0,1500.0,1200.0,0.522
A-10783,Contoso Digital,Education,SMB,147,6963000.0,NA-East,Chicago,3100.0,2000.0,600.0,0.288
A-10784,Nakatomi Partners,Logistics,Enterprise,7375,9410598000.0,NA-East,Austin,5300.0,13300.0,11700.0,0.465
A-10785,Hooli Cloud,Media,SMB,18,42523000.0,NA-East,New York,1000.0,1800.0,1800.0,0.335
A-10786,Wonka Networks,Telecom,Enterprise,41516,8675163000.0,NA-East,Boston,11100.0,36100.0,19300.0,0.886
A-10787,Massive Industries,Software,Mid-Market,1609,199212000.0,NA-West,Los Angeles,10900.0,7500.0,6000.0,0.614
A-10788,Soylent Labs,Telecom,Enterprise,49433,2692007000.0,EMEA,Madrid,21600.0,10400.0,3800.0,0.122
A-10789,Prestige Industries,Education,SMB,137,5724000.0,EMEA,Amsterdam,2100.0,1600.0,1100.0,0.479
A-10790,Initech Holdings,Manufacturing,SMB,57,36771000.0,NA-East,Boston,1400.0,2200.0,2300.0,0.659
A-10791,Dunder Group,Education,SMB,149,42687000.0,NA-East,Austin,3100.0,1000.0,1000.0,0.245
A-10792,Wonka Holdings,Education,SMB,87,49642000.0,NA-East,Boston,2000.0,1200.0,1700.0,0.729
A-10793,Nakatomi Digital,Energy,Mid-Market,1393,350606000.0,NA-East,Atlanta,5400.0,6800.0,4000.0,0.682
A-10794,Initech Digital,Retail,Mid-Market,427,206431000.0,NA-West,Seattle,6500.0,9300.0,5000.0,0.433
A-10795,Cogswell Industries,Logistics,Mid-Market,1281,118297000.0,APAC,Seoul,10600.0,9200.0,2900.0,0.544
A-10796,Soylent Cloud,Healthcare,Mid-Market,1173,479809000.0,EMEA,Berlin,6200.0,9800.0,6800.0,0.742
A-10797,Hooli Cloud,Logistics,Mid-Market,1402,143940000.0,NA-West,Denver,9300.0,8900.0,1800.0,0.395
A-10798,Cyberdyne Group,Telecom,Mid-Market,903,137017000.0,NA-West,Denver,10300.0,9700.0,5800.0,0.477
A-10799,Umbra Analytics,Retail,Enterprise,38508,709996000.0,APAC,Tokyo,9100.0,17700.0,5600.0,0.167
